run_id,account_id,leverage,fee_bps_per_side,adverse_fill_bps_per_side,funding_included,bot_trade_id,signal_id,tier,timeframe,market,venue,symbol,native_aster_listing,entry_time,close_time,entry_fill_px,exit_fill_px,quantity,cost_basis,proceeds_net,fees,adverse_fill_cost,pnl,compounded_trade_return_pct,exit_reason,status,signal_time,raw_entry_px,raw_exit_px,raw_gross_pct,signal_bars_held
d85ad7e2888f47b79e6eead8595df555,29320e750c3ee71b4fa8c31fcd49eec3,1,4,20,0,30301ab99cd4dcb470fa818d29d721ad,60c89ba027d16b264498acdc19d628e3,sixh,6h,futures,aster,BTC,1,2020-01-14T06:00:00+00:00,2020-02-26T00:00:00+00:00,8495.79768,9180.58204,0.201581693182395,1713.2823201819708,1849.8970171142767,1.4252938213170196,7.127049774747212,136.61469693230583,7.97385785886098,trend_break,closed,2020-01-14T00:00:00+00:00,8478.84,9198.98,8.493378811252473,172
d85ad7e2888f47b79e6eead8595df555,d54c6e5c30d3bcab409169037abffd35,1,4,20,0,8bc0b4b4b3bb5c1988b456600bf25568,60c89ba027d16b264498acdc19d628e3,sixh,6h,spot,aster,BTC,1,2020-01-14T06:00:00+00:00,2020-02-26T00:00:00+00:00,8495.79768,9180.58204,0.201581693182395,1713.2823201819708,1849.8970171142767,1.4252938213170196,7.127049774747212,136.61469693230583,7.97385785886098,trend_break,closed,2020-01-14T00:00:00+00:00,8478.84,9198.98,8.493378811252473,172
d85ad7e2888f47b79e6eead8595df555,29320e750c3ee71b4fa8c31fcd49eec3,1,4,20,0,74b12ab239dad5c82fe6936931444604,b0e908fbdaa6da4380f5ab6747c167b3,sixh,6h,futures,aster,ADA,1,2020-01-14T18:00:00+00:00,2020-02-26T00:00:00+00:00,0.04156296,0.05270438,32617.852386484552,1356.236771822972,1718.4160454864043,1.2299192723946204,6.1510746030432575,362.17927366343224,26.704723038633777,trend_break,closed,2020-01-14T12:00:00+00:00,0.04148,0.05281,27.314368370298947,170
d85ad7e2888f47b79e6eead8595df555,29320e750c3ee71b4fa8c31fcd49eec3,1,4,20,0,9921b1173661c6dccdc53eb233c2f0d3,9b1da644b15b0779de479f9f8263b565,sixh,6h,futures,aster,BNB,1,2020-01-14T18:00:00+00:00,2020-02-26T00:00:00+00:00,16.755143399999998,19.481658600000003,93.84277898366099,1572.9781586133163,1827.4816970420447,1.360224880464274,6.80217506607487,254.50353842872846,16.179724876351116,trend_break,closed,2020-01-14T12:00:00+00:00,16.7217,19.5207,16.73872871777393,170
d85ad7e2888f47b79e6eead8595df555,29320e750c3ee71b4fa8c31fcd49eec3,1,4,20,0,20482f7dd2a08cbe31b11610014f0ea7,6153bfeffd764d0d48d960c25ac2779d,sixh,6h,futures,aster,ETH,1,2020-01-14T18:00:00+00:00,2020-03-01T12:00:00+00:00,165.44022,215.22868,8.321051019192307,1377.187165850898,1790.2124555425855,1.2670261353279257,6.3368131931557095,413.0252896916875,29.99049801894566,trend_break,closed,2020-01-14T12:00:00+00:00,165.11,215.66,30.615953001029595,188
d85ad7e2888f47b79e6eead8595df555,29320e750c3ee71b4fa8c31fcd49eec3,1,4,20,0,6e623ca7885c52dbdd7712186147d077,d28fcfe5a315d725a76eb69b623a26c9,sixh,6h,futures,aster,XRP,1,2020-01-14T18:00:00+00:00,2020-01-24T00:00:00+00:00,0.24064032000000002,0.22079850813301694,5312.135835481899,1278.8253929607652,1172.4425028073513,0.980490293923269,4.902049468214781,-106.38289015341388,-8.31879713516744,stop,closed,2020-01-14T12:00:00+00:00,0.24016,0.2212409901132434,-7.877669006810706,38
d85ad7e2888f47b79e6eead8595df555,d54c6e5c30d3bcab409169037abffd35,1,4,20,0,a94485c257e692257e092b000335005d,b0e908fbdaa6da4380f5ab6747c167b3,sixh,6h,spot,aster,ADA,1,2020-01-14T18:00:00+00:00,2020-02-26T00:00:00+00:00,0.04156296,0.05270438,32617.852386484552,1356.236771822972,1718.4160454864043,1.2299192723946204,6.1510746030432575,362.17927366343224,26.704723038633777,trend_break,closed,2020-01-14T12:00:00+00:00,0.04148,0.05281,27.314368370298947,170
d85ad7e2888f47b79e6eead8595df555,d54c6e5c30d3bcab409169037abffd35,1,4,20,0,fc6bb9ddd557ba70d0d4720021a695d9,9b1da644b15b0779de479f9f8263b565,sixh,6h,spot,aster,BNB,0,2020-01-14T18:00:00+00:00,2020-02-26T00:00:00+00:00,16.755143399999998,19.481658600000003,93.90673733234486,1574.0502185696632,1828.7272133498382,1.3611519388712758,6.806811074187551,254.67699478017494,16.179724876351116,trend_break,closed,2020-01-14T12:00:00+00:00,16.7217,19.5207,16.73872871777393,170
d85ad7e2888f47b79e6eead8595df555,d54c6e5c30d3bcab409169037abffd35,1,4,20,0,60a15901eecfb449a0b3384560a41296,6153bfeffd764d0d48d960c25ac2779d,sixh,6h,spot,aster,ETH,1,2020-01-14T18:00:00+00:00,2020-03-01T12:00:00+00:00,165.44022,215.22868,8.31809776505427,1376.69838340178,1789.5770848027473,1.266576450526267,6.334564171999429,412.87870140096743,29.990498018945637,trend_break,closed,2020-01-14T12:00:00+00:00,165.11,215.66,30.615953001029595,188
d85ad7e2888f47b79e6eead8595df555,d54c6e5c30d3bcab409169037abffd35,1,4,20,0,13501dc30126277b0a25c6481e1a13c4,d28fcfe5a315d725a76eb69b623a26c9,sixh,6h,spot,aster,XRP,0,2020-01-14T18:00:00+00:00,2020-01-24T00:00:00+00:00,0.24064032000000002,0.22079850813301694,5314.083783212653,1279.294335227943,1172.8724347186414,0.9808498374105263,4.903847038238096,-106.42190050930162,-8.318797135167452,stop,closed,2020-01-14T12:00:00+00:00,0.24016,0.2212409901132434,-7.877669006810706,38
d85ad7e2888f47b79e6eead8595df555,29320e750c3ee71b4fa8c31fcd49eec3,1,4,20,0,402c448f70d640081b50352cbcafddde,eb47d983b5b124d8a4b8d7587ab7db17,sixh,6h,futures,aster,XRP,1,2020-02-02T18:00:00+00:00,2020-02-25T12:00:00+00:00,0.2549589,0.25389120000000004,6488.3811571913675,1654.9322308272854,1646.6839409054824,1.3206453602699773,6.603225503673656,-8.248289921803007,-0.49840650681386284,trend_break,closed,2020-02-02T12:00:00+00:00,0.25445,0.2544,-0.01965022597759658,92
d85ad7e2888f47b79e6eead8595df555,d54c6e5c30d3bcab409169037abffd35,1,4,20,0,2e5af969b3b3d25a7c4bae3d61d12d0e,eb47d983b5b124d8a4b8d7587ab7db17,sixh,6h,spot,aster,XRP,0,2020-02-02T18:00:00+00:00,2020-02-25T12:00:00+00:00,0.2549589,0.25389120000000004,6488.38091947406,1654.9321701948986,1646.6838805752918,1.320645311884987,6.603225261748751,-8.248289619606794,-0.4984065068138355,trend_break,closed,2020-02-02T12:00:00+00:00,0.25445,0.2544,-0.01965022597759658,92
d85ad7e2888f47b79e6eead8595df555,29320e750c3ee71b4fa8c31fcd49eec3,1,4,20,0,6cd804640c919dab2adf91960a8277f6,c36febd45ce08d36e679983db649d682,sixh,6h,futures,aster,BNB,1,2020-04-29T12:00:00+00:00,2020-05-10T00:00:00+00:00,16.844020800000003,15.934072129887591,130.6215822748097,2201.0727258253123,2080.501180201389,1.7126105449810682,8.562611539611183,-120.57154562392316,-5.477853785077172,stop,closed,2020-04-29T06:00:00+00:00,16.8104,15.96600413816392,-5.0230563331989835,43
d85ad7e2888f47b79e6eead8595df555,29320e750c3ee71b4fa8c31fcd49eec3,1,4,20,0,9c0b1c6440cb7a2733f535ce01cf6a8d,8e2151fbd291bc7c8fba03e799864e4d,sixh,6h,futures,aster,ETH,1,2020-04-29T12:00:00+00:00,2020-05-10T00:00:00+00:00,208.37592,193.02012801603385,7.578910410456546,1579.894134348211,1462.2971047453148,1.216857874809934,6.083848188755512,-117.59702960289633,-7.443348705855614,stop,closed,2020-04-29T06:00:00+00:00,207.96,193.40694189983353,-6.998008318987536,43
d85ad7e2888f47b79e6eead8595df555,d54c6e5c30d3bcab409169037abffd35,1,4,20,0,50024a29ffd27470797003036051da0e,c36febd45ce08d36e679983db649d682,sixh,6h,spot,aster,BNB,0,2020-04-29T12:00:00+00:00,2020-05-10T00:00:00+00:00,16.844020800000003,15.934072129887591,130.6214387667941,2201.0703076064124,2080.4988944489846,1.7126086634134399,8.562602132257751,-120.57141315742774,-5.477853785077178,stop,closed,2020-04-29T06:00:00+00:00,16.8104,15.96600413816392,-5.0230563331989835,43
d85ad7e2888f47b79e6eead8595df555,d54c6e5c30d3bcab409169037abffd35,1,4,20,0,e20f56335c3b805fc1c404c24cacf2cf,8e2151fbd291bc7c8fba03e799864e4d,sixh,6h,spot,aster,ETH,1,2020-04-29T12:00:00+00:00,2020-05-10T00:00:00+00:00,208.37592,193.02012801603385,7.609926036358149,1586.3596290936662,1468.281350171307,1.221837694675393,6.108745482593983,-118.07827892235923,-7.443348705855608,stop,closed,2020-04-29T06:00:00+00:00,207.96,193.40694189983353,-6.998008318987536,43
d85ad7e2888f47b79e6eead8595df555,29320e750c3ee71b4fa8c31fcd49eec3,1,4,20,0,6883d05857ff81752c7eb0804b4dea0f,03ffc505c7c660e317aa58b363c90a14,sixh,6h,futures,aster,ETH,1,2020-05-28T18:00:00+00:00,2020-06-27T18:00:00+00:00,215.31977999999998,220.44822,8.904238789936098,1918.0256408114333,1962.138422259688,1.5520729316051494,7.760578359756705,44.11278144825474,2.2999057212599374,trend_break,closed,2020-05-28T12:00:00+00:00,214.89,220.89,2.792126204104428,121
d85ad7e2888f47b79e6eead8595df555,d54c6e5c30d3bcab409169037abffd35,1,4,20,0,479f1b6a932bbe60f5c566e9d5180c6b,03ffc505c7c660e317aa58b363c90a14,sixh,6h,spot,aster,ETH,1,2020-05-28T18:00:00+00:00,2020-06-27T18:00:00+00:00,215.31977999999998,220.44822,8.903832623090032,1917.9381500731927,1962.0489193169533,1.552002133799479,7.760224360980349,44.110769243760615,2.2999057212599503,trend_break,closed,2020-05-28T12:00:00+00:00,214.89,220.89,2.792126204104428,121
d85ad7e2888f47b79e6eead8595df555,29320e750c3ee71b4fa8c31fcd49eec3,1,4,20,0,9582e2a3ca83eba0f8c0799c96f57cf0,5126b88c165ed30a639ce09f1385b3d7,sixh,6h,futures,aster,XRP,1,2020-07-08T06:00:00+00:00,2020-07-16T06:00:00+00:00,0.19782486,0.19025872,9529.056143268006,1885.8382311531227,1812.260830216457,1.4792280888401763,7.39588163503603,-73.57740093666575,-3.9015754226000503,trend_break,closed,2020-07-08T00:00:00+00:00,0.19743,0.19064,-3.4391936382515254,32
d85ad7e2888f47b79e6eead8595df555,d54c6e5c30d3bcab409169037abffd35,1,4,20,0,ab3ef968ffd7affa0aeee1bbc66870a0,5126b88c165ed30a639ce09f1385b3d7,sixh,6h,spot,aster,XRP,0,2020-07-08T06:00:00+00:00,2020-07-16T06:00:00+00:00,0.19782486,0.19025872,9528.621475378814,1885.752208643551,1812.1781639399765,1.4791606138519566,7.395544271900512,-73.5740447035746,-3.9015754226000605,trend_break,closed,2020-07-08T00:00:00+00:00,0.19743,0.19064,-3.4391936382515254,32
d85ad7e2888f47b79e6eead8595df555,29320e750c3ee71b4fa8c31fcd49eec3,1,4,20,0,bd22cdedead74a643dc19b317d19bdbb,8e6686cdc4dbc23ba4f0cfc1bf399dc3,sixh,6h,futures,aster,XRP,1,2020-07-23T18:00:00+00:00,2020-08-27T12:00:00+00:00,0.20787492000000002,0.25797302,10375.526228874272,2157.6744094590554,2675.5351930177667,1.9333670080548195,9.668952892687933,517.8607835587113,24.000877115122424,trend_break,closed,2020-07-23T12:00:00+00:00,0.20746,0.25849,24.597512773546693,140
d85ad7e2888f47b79e6eead8595df555,d54c6e5c30d3bcab409169037abffd35,1,4,20,0,54a10e5b0fd62255268bba931ae90ac0,8e6686cdc4dbc23ba4f0cfc1bf399dc3,sixh,6h,spot,aster,XRP,0,2020-07-23T18:00:00+00:00,2020-08-27T12:00:00+00:00,0.20787492000000002,0.25797302,10375.052949252726,2157.5759871424034,2675.413148481841,1.9332788175201228,9.668511843408616,517.8371613394374,24.000877115122407,trend_break,closed,2020-07-23T12:00:00+00:00,0.20746,0.25849,24.597512773546693,140
d85ad7e2888f47b79e6eead8595df555,29320e750c3ee71b4fa8c31fcd49eec3,1,4,20,0,4c58d95ebdb8be8852414579348e3d45,cf4781e001b6be214099d01c15fd5ed6,sixh,6h,futures,aster,BNB,1,2020-10-12T12:00:00+00:00,2020-10-30T06:00:00+00:00,30.0918636,28.022441870140078,57.74808061636171,1738.4424640153882,1617.5949352912855,1.342395838901408,6.711528020087579,-120.84752872410263,-6.9514827913817525,stop,closed,2020-10-12T06:00:00+00:00,30.0318,28.07859906827663,-6.503775770094933,72
d85ad7e2888f47b79e6eead8595df555,d54c6e5c30d3bcab409169037abffd35,1,4,20,0,65b71c0a484e70c659cca7760677fd85,cf4781e001b6be214099d01c15fd5ed6,sixh,6h,spot,aster,BNB,0,2020-10-12T12:00:00+00:00,2020-10-30T06:00:00+00:00,30.0918636,28.022441870140078,57.74544643770549,1738.3631649636293,1617.521148699463,1.3423346055161716,6.711221873741719,-120.8420162641662,-6.951482791381772,stop,closed,2020-10-12T06:00:00+00:00,30.0318,28.07859906827663,-6.503775770094933,72
d85ad7e2888f47b79e6eead8595df555,29320e750c3ee71b4fa8c31fcd49eec3,1,4,20,0,ea6041c1db891e7deb91db83a17d76e9,1586377041171dfa19f30aff70fea7d2,sixh,6h,futures,aster,BTC,1,2020-10-21T18:00:00+00:00,2021-04-18T00:00:00+00:00,12798.78648,55474.458739999995,0.12274803058079484,1571.6542445778014,6806.6568056474125,3.352162556845866,16.781833330457157,5235.002561069611,333.08869168459546,trend_break,closed,2020-10-21T12:00:00+00:00,12773.24,55585.63,335.17251691818205,714
d85ad7e2888f47b79e6eead8595df555,29320e750c3ee71b4fa8c31fcd49eec3,1,4,20,0,853e7288239432bbe490b220a67afe67,66b70b3f4bee4f3be2e4f10b29800410,sixh,6h,futures,aster,XRP,1,2020-10-21T18:00:00+00:00,2020-10-26T12:00:00+00:00,0.25276452,0.2440609,8925.562163703564,2256.9678622131078,2177.5093823855673,1.7737784682872526,8.868617077099135,-79.45847982754049,-3.5205853462896073,trend_break,closed,2020-10-21T12:00:00+00:00,0.25226,0.24455,-3.0563704114802137,20
d85ad7e2888f47b79e6eead8595df555,d54c6e5c30d3bcab409169037abffd35,1,4,20,0,7c5dd32eaeaf92ac20da31703a4c1a43,1586377041171dfa19f30aff70fea7d2,sixh,6h,spot,aster,BTC,1,2020-10-21T18:00:00+00:00,2021-04-18T00:00:00+00:00,12798.78648,55474.458739999995,0.12274243142946722,1571.582553570553,6806.346320002066,3.3520096479532207,16.781067827141726,5234.763766431513,333.0886916845956,trend_break,closed,2020-10-21T12:00:00+00:00,12773.24,55585.63,335.17251691818205,714
d85ad7e2888f47b79e6eead8595df555,d54c6e5c30d3bcab409169037abffd35,1,4,20,0,af811a6215894e20b283e2069c36823f,66b70b3f4bee4f3be2e4f10b29800410,sixh,6h,spot,aster,XRP,0,2020-10-21T18:00:00+00:00,2020-10-26T12:00:00+00:00,0.25276452,0.2440609,8923.318874288489,2256.4006114312965,2176.962102151657,1.773332659004922,8.866388099870527,-79.43850927963967,-3.5205853462896233,trend_break,closed,2020-10-21T12:00:00+00:00,0.25226,0.24455,-3.0563704114802137,20
d85ad7e2888f47b79e6eead8595df555,29320e750c3ee71b4fa8c31fcd49eec3,1,4,20,0,d4e02747fc2da8c962bed115ffcdfb19,9984366b97c701f1c689a7c20943b01a,sixh,6h,futures,aster,ADA,1,2020-11-06T06:00:00+00:00,2020-11-07T18:00:00+00:00,0.10184328,0.10120718,12931.047040562462,1317.4670205429522,1308.1913195005031,1.0502620199471386,5.251298203172416,-9.2757010424491,-0.7040556536000737,trend_break,closed,2020-11-06T00:00:00+00:00,0.10164,0.10141,-0.2262888626524906,7
d85ad7e2888f47b79e6eead8595df555,d54c6e5c30d3bcab409169037abffd35,1,4,20,0,34f7420b658c53827746891142f44e63,9984366b97c701f1c689a7c20943b01a,sixh,6h,spot,aster,ADA,1,2020-11-06T06:00:00+00:00,2020-11-07T18:00:00+00:00,0.10184328,0.10120718,12930.47566416775,1317.4088064204618,1308.1335152378333,1.0502156126512268,5.251066167218523,-9.275291182628507,-0.7040556536000733,trend_break,closed,2020-11-06T00:00:00+00:00,0.10164,0.10141,-0.2262888626524906,7
d85ad7e2888f47b79e6eead8595df555,29320e750c3ee71b4fa8c31fcd49eec3,1,4,20,0,d9b88aceaf22f5ffe32bf1671cae964b,b3d6528ecfda4bad6f920d76ae337f54,sixh,6h,futures,aster,XRP,1,2020-11-13T18:00:00+00:00,2020-12-16T00:00:00+00:00,0.26273442,0.44856108,7386.406536944517,1941.4395026632737,3311.92919173348,2.1015670923596876,10.51336788029461,1370.4896890702062,70.59141874831349,trend_break,closed,2020-11-13T12:00:00+00:00,0.26221,0.44946,71.41222684108159,130
d85ad7e2888f47b79e6eead8595df555,d54c6e5c30d3bcab409169037abffd35,1,4,20,0,c4323bb0104d4bd5ead3413dd1ab3e54,b3d6528ecfda4bad6f920d76ae337f54,sixh,6h,spot,aster,XRP,0,2020-11-13T18:00:00+00:00,2020-12-16T00:00:00+00:00,0.26273442,0.44856108,7386.080074185393,1941.3536953504022,3311.7828118210623,2.1014742077630943,10.512903212791038,1370.4291164706601,70.59141874831347,trend_break,closed,2020-11-13T12:00:00+00:00,0.26221,0.44946,71.41222684108159,130
d85ad7e2888f47b79e6eead8595df555,29320e750c3ee71b4fa8c31fcd49eec3,1,4,20,0,0d0f0de99a8ca700b6a5ff0195eb903c,42df9a08f32085be76245b3a4717ed46,sixh,6h,futures,aster,BNB,1,2020-11-17T06:00:00+00:00,2020-11-18T00:00:00+00:00,28.499385,27.95398,83.29473900508107,2374.7983749144746,2327.4881004659546,1.8809073214534315,9.404392507368678,-47.310274448519976,-1.9921806814535907,trend_break,closed,2020-11-17T00:00:00+00:00,28.4425,28.01,-1.5206117605695568,4
d85ad7e2888f47b79e6eead8595df555,d54c6e5c30d3bcab409169037abffd35,1,4,20,0,31f78334fcd48fb753316ee46660df9a,42df9a08f32085be76245b3a4717ed46,sixh,6h,spot,aster,BNB,0,2020-11-17T06:00:00+00:00,2020-11-18T00:00:00+00:00,28.499385,27.95398,83.29105676542838,2374.6933913723237,2327.38520838565,1.8808241715257792,9.40397676410069,-47.30818298667373,-1.9921806814535565,trend_break,closed,2020-11-17T00:00:00+00:00,28.4425,28.01,-1.5206117605695568,4
d85ad7e2888f47b79e6eead8595df555,29320e750c3ee71b4fa8c31fcd49eec3,1,4,20,0,0baca467738b639b3acf964eeb70aad4,baec66ef96b61fbff6f8453aee294589,sixh,6h,futures,aster,ADA,1,2020-11-21T00:00:00+00:00,2020-12-23T18:00:00+00:00,0.11871696,0.13611722,12915.505866280662,1533.9029091443294,1757.3195443104507,1.3165249386875288,6.583549960277905,223.4166351661213,14.565239679397424,trend_break,closed,2020-11-20T18:00:00+00:00,0.11848,0.13639,15.11647535449021,132
d85ad7e2888f47b79e6eead8595df555,d54c6e5c30d3bcab409169037abffd35,1,4,20,0,6f67daf8a8ac96e5ede4ff37d376e66c,baec66ef96b61fbff6f8453aee294589,sixh,6h,spot,aster,ADA,1,2020-11-21T00:00:00+00:00,2020-12-23T18:00:00+00:00,0.11871696,0.13611722,12914.934609849382,1533.8350641902969,1757.2418175762527,1.316466708421835,6.583258768024625,223.40675338595588,14.565239679397413,trend_break,closed,2020-11-20T18:00:00+00:00,0.11848,0.13639,15.11647535449021,132
d85ad7e2888f47b79e6eead8595df555,29320e750c3ee71b4fa8c31fcd49eec3,1,4,20,0,bc27c75f68a244db8d6a75541c1f3bd0,3d829502ae8891a9a3dc1ec4d21ff69d,sixh,6h,futures,aster,BNB,1,2020-11-21T18:00:00+00:00,2020-11-25T00:00:00+00:00,30.419217,28.198358185007955,63.737989799261854,1939.6352867446717,1796.5877436854282,1.4944665636798007,7.471796493278995,-143.04754305924348,-7.374971162713945,stop,closed,2020-11-21T12:00:00+00:00,30.3585,28.254867920849655,-6.929301774298279,14
d85ad7e2888f47b79e6eead8595df555,29320e750c3ee71b4fa8c31fcd49eec3,1,4,20,0,f701bf7e31aa4749cf1aba54f0d92a55,338d613380d1d7ae6c34c935e2860c8e,sixh,6h,futures,aster,ETH,1,2020-11-21T18:00:00+00:00,2020-11-26T06:00:00+00:00,546.2002200000001,485.5376534371215,2.288102798355114,1250.2621567449166,1110.5156795108385,0.9442889261521729,4.7209083056408545,-139.74647723407816,-11.177373999538705,stop,closed,2020-11-21T12:00:00+00:00,545.11,486.5106747866949,-10.750000039130658,19
d85ad7e2888f47b79e6eead8595df555,29320e750c3ee71b4fa8c31fcd49eec3,1,4,20,0,b4c110dcb61ca7af348ec72dc6714d4c,ad18db651144b83b9fef7db36f1df55a,sixh,6h,futures,aster,SOL,1,2020-11-21T18:00:00+00:00,2020-11-22T06:00:00+00:00,2.4768438,2.137217714828811,405.81589186597,1005.5446327399821,866.9699862897824,0.748983795505881,3.7443826524093957,-138.5746464501998,-13.781053763133455,stop,closed,2020-11-21T12:00:00+00:00,2.4719,2.1415007162613335,-13.366207522095008,3
d85ad7e2888f47b79e6eead8595df555,d54c6e5c30d3bcab409169037abffd35,1,4,20,0,f893a5245fd847066ee42c0eb4598a0c,3d829502ae8891a9a3dc1ec4d21ff69d,sixh,6h,spot,aster,BNB,0,2020-11-21T18:00:00+00:00,2020-11-25T00:00:00+00:00,30.419217,28.198358185007955,63.73517074235637,1939.549498939527,1796.508282706174,1.4944004651677576,7.471466024439812,-143.041216233353,-7.3749711627139485,stop,closed,2020-11-21T12:00:00+00:00,30.3585,28.254867920849655,-6.929301774298279,14
d85ad7e2888f47b79e6eead8595df555,d54c6e5c30d3bcab409169037abffd35,1,4,20,0,caa2a4a75d56e759220e73c04b883a6f,338d613380d1d7ae6c34c935e2860c8e,sixh,6h,spot,aster,ETH,1,2020-11-21T18:00:00+00:00,2020-11-26T06:00:00+00:00,546.2002200000001,485.5376534371215,2.2887485695250236,1250.615018188133,1110.8291003108466,0.9445554327816008,4.722240687420975,-139.78591787728647,-11.177373999538693,stop,closed,2020-11-21T12:00:00+00:00,545.11,486.5106747866949,-10.750000039130658,19
d85ad7e2888f47b79e6eead8595df555,d54c6e5c30d3bcab409169037abffd35,1,4,20,0,e4f9a99bfac30bd9677047f50f26982a,ad18db651144b83b9fef7db36f1df55a,sixh,6h,spot,aster,SOL,1,2020-11-21T18:00:00+00:00,2020-11-22T06:00:00+00:00,2.4768438,2.137217714828811,406.33080061308885,1006.8204914172644,868.0700181968066,0.749934123759373,3.749133613174931,-138.75047322045782,-13.781053763133471,stop,closed,2020-11-21T12:00:00+00:00,2.4719,2.1415007162613335,-13.366207522095008,3
d85ad7e2888f47b79e6eead8595df555,29320e750c3ee71b4fa8c31fcd49eec3,1,4,20,0,15d69f517bfd68e03697c2fa11fee948,11db826954c2e3e63d8c1d3ea1fb4b92,sixh,6h,futures,aster,XRP,1,2020-12-17T00:00:00+00:00,2020-12-22T00:00:00+00:00,0.57045864,0.4772390359642629,1509.7882118548093,861.6162387147355,720.2416587875032,0.6327206403034096,3.1630528862914455,-141.37457992723228,-16.40806818336193,stop,closed,2020-12-16T18:00:00+00:00,0.56932,0.4781954268178987,-16.0058619374168,21
d85ad7e2888f47b79e6eead8595df555,d54c6e5c30d3bcab409169037abffd35,1,4,20,0,a57ac715e62c61793e30b58cc62f7e70,11db826954c2e3e63d8c1d3ea1fb4b92,sixh,6h,spot,aster,XRP,0,2020-12-17T00:00:00+00:00,2020-12-22T00:00:00+00:00,0.57045864,0.4772390359642629,1509.6964438013893,861.5638678958345,720.1978810082757,0.6326821822328912,3.1628606293881525,-141.36598688755885,-16.40806818336193,stop,closed,2020-12-16T18:00:00+00:00,0.56932,0.4781954268178987,-16.0058619374168,21
d85ad7e2888f47b79e6eead8595df555,29320e750c3ee71b4fa8c31fcd49eec3,1,4,20,0,2cef3c50c266b8f229c808ceb50b905f,1a26859a7a96b65e811c045b90dfee72,sixh,6h,futures,aster,ETH,1,2020-12-17T06:00:00+00:00,2020-12-21T12:00:00+00:00,649.296,602.2911816153,3.1093171298406634,2019.6747220070786,1871.9652024331672,1.5566325853141803,7.782609445460727,-147.7095195739114,-7.313530142473788,stop,closed,2020-12-17T00:00:00+00:00,648,603.4981779712425,-6.86756512789467,18
d85ad7e2888f47b79e6eead8595df555,d54c6e5c30d3bcab409169037abffd35,1,4,20,0,65a32353a475ac17b27c30e8df2c540a,1a26859a7a96b65e811c045b90dfee72,sixh,6h,spot,aster,ETH,1,2020-12-17T06:00:00+00:00,2020-12-21T12:00:00+00:00,649.296,602.2911816153,3.109128437890784,2019.5521560720183,1871.8516003947122,1.556538119543883,7.782137150197784,-147.70055567730606,-7.313530142473774,stop,closed,2020-12-17T00:00:00+00:00,648,603.4981779712425,-6.86756512789467,18
d85ad7e2888f47b79e6eead8595df555,29320e750c3ee71b4fa8c31fcd49eec3,1,4,20,0,d7432d41338ab86990991ebdf0ff714d,0512ab2c0fc5a7107440167ad11d9e52,sixh,6h,futures,aster,BNB,1,2020-12-19T06:00:00+00:00,2020-12-23T18:00:00+00:00,32.48985,30.161227433925603,62.835035569252334,2042.3174807418286,1894.4237259035754,1.574673071605079,7.87281157294462,-147.89375483825324,-7.241467413016216,stop,closed,2020-12-19T00:00:00+00:00,32.425,30.221670775476557,-6.795155665453945,19
d85ad7e2888f47b79e6eead8595df555,d54c6e5c30d3bcab409169037abffd35,1,4,20,0,caec978342b88b88b5397aec14703862,0512ab2c0fc5a7107440167ad11d9e52,sixh,6h,spot,aster,BNB,0,2020-12-19T06:00:00+00:00,2020-12-23T18:00:00+00:00,32.48985,30.161227433925603,62.831221458959114,2042.1935113025697,1894.3087336708627,1.5745774883573502,7.872333690320939,-147.88477763170704,-7.241467413016207,stop,closed,2020-12-19T00:00:00+00:00,32.425,30.221670775476557,-6.795155665453945,19
d85ad7e2888f47b79e6eead8595df555,29320e750c3ee71b4fa8c31fcd49eec3,1,4,20,0,32ca47f817d40372a8dc07107f749113,f877c432dd7db282d0124206aa2c8ae0,sixh,6h,futures,aster,ETH,1,2020-12-27T18:00:00+00:00,2021-02-23T06:00:00+00:00,691.25976,1448.6469,1.5743551878185729,1088.7237046419361,2279.7724884273603,1.347589260647406,6.742742859700653,1191.0487837854241,109.39862691582903,trend_break,closed,2020-12-27T12:00:00+00:00,689.88,1451.55,110.40615759262482,231
d85ad7e2888f47b79e6eead8595df555,d54c6e5c30d3bcab409169037abffd35,1,4,20,0,3b9591b883a23697dd438357c4599684,f877c432dd7db282d0124206aa2c8ae0,sixh,6h,spot,aster,ETH,1,2020-12-27T18:00:00+00:00,2021-02-23T06:00:00+00:00,691.25976,1448.6469,1.5742595804670751,1088.6575886912797,2279.6340425345134,1.34750742432412,6.742333386799217,1190.9764538432337,109.39862691582904,trend_break,closed,2020-12-27T12:00:00+00:00,689.88,1451.55,110.40615759262482,231
d85ad7e2888f47b79e6eead8595df555,29320e750c3ee71b4fa8c31fcd49eec3,1,4,20,0,165c08c3739315043e186b74419a9236,0c983ca326de35d22aa09e328684c23b,sixh,6h,futures,aster,BNB,1,2020-12-29T06:00:00+00:00,2021-05-17T00:00:00+00:00,37.899848399999996,507.5594468,28.660347015551828,1086.6572961035988,14541.011144358994,6.25322107331613,31.320073075150262,13454.353848255396,1238.1413989947293,trend_break,closed,2020-12-29T00:00:00+00:00,37.8242,508.5766,1244.579925021547,556
d85ad7e2888f47b79e6eead8595df555,d54c6e5c30d3bcab409169037abffd35,1,4,20,0,ce71d3319b9869b2ce93093023d723a2,0c983ca326de35d22aa09e328684c23b,sixh,6h,spot,aster,BNB,0,2020-12-29T06:00:00+00:00,2021-05-17T00:00:00+00:00,37.899848399999996,507.5594468,28.658608913849246,1086.591395963051,14540.129307296324,6.252841847824259,31.318173674828717,13453.537911333273,1238.141398994729,trend_break,closed,2020-12-29T00:00:00+00:00,37.8242,508.5766,1244.579925021547,556
d85ad7e2888f47b79e6eead8595df555,29320e750c3ee71b4fa8c31fcd49eec3,1,4,20,0,9b808556519f69855608ccd55b7497d2,306067523b492cbcb82473517b4153f0,sixh,6h,futures,aster,SOL,1,2021-01-02T00:00:00+00:00,2021-05-19T18:00:00+00:00,1.8202332,34.9610378,514.8581890166416,937.5368337275426,17992.77661720721,7.574855430716128,37.94268018285702,17055.23978347967,1819.154103596114,trend_break,closed,2021-01-01T18:00:00+00:00,1.8166,35.0311,1828.388197732027,552
d85ad7e2888f47b79e6eead8595df555,d54c6e5c30d3bcab409169037abffd35,1,4,20,0,c35173777afcbce9efbf54f9d10935e0,306067523b492cbcb82473517b4153f0,sixh,6h,spot,aster,SOL,1,2021-01-02T00:00:00+00:00,2021-05-19T18:00:00+00:00,1.8202332,34.9610378,514.82715049884,937.4803137880248,17991.69191246861,7.574398776262248,37.94039278687221,17054.211598680584,1819.1541035961145,trend_break,closed,2021-01-01T18:00:00+00:00,1.8166,35.0311,1828.388197732027,552
d85ad7e2888f47b79e6eead8595df555,29320e750c3ee71b4fa8c31fcd49eec3,1,4,20,0,232e001e562fa10f6781df2f1b8c75b1,1e6e75344c0add5160c9bc1943c26a31,sixh,6h,futures,aster,ADA,1,2021-01-03T18:00:00+00:00,2021-04-02T12:00:00+00:00,0.19621164,0.16487509257714514,4885.165573950525,958.9097594759484,805.1199494092713,0.7055873900784596,3.527338722856483,-153.7898100666771,-16.037985696456403,stop,closed,2021-01-03T12:00:00+00:00,0.19582,0.16520550358431377,-15.633998782395174,356
d85ad7e2888f47b79e6eead8595df555,d54c6e5c30d3bcab409169037abffd35,1,4,20,0,ecce39f5905c0c16d05fcb39ca31a722,1e6e75344c0add5160c9bc1943c26a31,sixh,6h,spot,aster,ADA,1,2021-01-03T18:00:00+00:00,2021-04-02T12:00:00+00:00,0.19621164,0.16487509257714514,4884.873018101868,958.8523336519467,805.071733530709,0.7055451348642645,3.5271274826113075,-153.78060012123763,-16.037985696456403,stop,closed,2021-01-03T12:00:00+00:00,0.19582,0.16520550358431377,-15.633998782395174,356
d85ad7e2888f47b79e6eead8595df555,29320e750c3ee71b4fa8c31fcd49eec3,1,4,20,0,a5049392ccbee79b9ceed93bf8305283,416fe37f820f4f3a6da5f6619cd8c1cf,sixh,6h,futures,aster,ADA,1,2021-04-06T18:00:00+00:00,2021-04-18T00:00:00+00:00,1.27512516,1.083448809368826,2177.8093657515374,2778.0903077598086,2358.601146370039,2.0546097921236837,10.27142030809326,-419.48916138976983,-15.09991090707331,stop,closed,2021-04-06T12:00:00+00:00,1.27258,1.0856200494677615,-14.691410405022754,46
d85ad7e2888f47b79e6eead8595df555,d54c6e5c30d3bcab409169037abffd35,1,4,20,0,a54caee451ba4edd2f8ad616059979d8,416fe37f820f4f3a6da5f6619cd8c1cf,sixh,6h,spot,aster,ADA,1,2021-04-06T18:00:00+00:00,2021-04-18T00:00:00+00:00,1.27512516,1.083448809368826,2177.6805745155107,2777.926017124386,2358.4616634741933,2.0544882866609733,10.270812877094922,-419.4643536501926,-15.099910907073319,stop,closed,2021-04-06T12:00:00+00:00,1.27258,1.0856200494677615,-14.691410405022754,46
d85ad7e2888f47b79e6eead8595df555,29320e750c3ee71b4fa8c31fcd49eec3,1,4,20,0,055bbc4964111d386156f63c3ec87397,20353bff14671052ccea2750bc5af934,sixh,6h,futures,aster,ETH,1,2021-04-13T18:00:00+00:00,2021-04-18T00:00:00+00:00,2314.4196,2055.972218511809,1.8888191279721231,4373.268618637844,3881.8063090432242,3.301951865415191,16.507872717135903,-491.4623095946199,-11.237871543040438,stop,closed,2021-04-13T12:00:00+00:00,2309.8,2060.092403318446,-10.810788669216132,18
d85ad7e2888f47b79e6eead8595df555,d54c6e5c30d3bcab409169037abffd35,1,4,20,0,97fff30eb7c03eaf2a1883f500baccee,20353bff14671052ccea2750bc5af934,sixh,6h,spot,aster,ETH,1,2021-04-13T18:00:00+00:00,2021-04-18T00:00:00+00:00,2314.4196,2055.972218511809,1.8887074835163997,4373.010123164439,3881.576862959066,3.3017566934088407,16.50689696861803,-491.43326020537324,-11.237871543040418,stop,closed,2021-04-13T12:00:00+00:00,2309.8,2060.092403318446,-10.810788669216132,18
d85ad7e2888f47b79e6eead8595df555,29320e750c3ee71b4fa8c31fcd49eec3,1,4,20,0,dc4e4792d4e85adfeaba22665360e7af,c2f59b42e22cdbc47fc907b3984e0d69,sixh,6h,futures,aster,ETH,1,2021-05-03T18:00:00+00:00,2021-05-19T00:00:00+00:00,3291.2693999999997,2979.957650951106,1.9420265530076213,6394.289260928622,5784.842022231271,4.87155578115469,24.35545802487389,-609.4472386973512,-9.53111774941572,stop,closed,2021-05-03T12:00:00+00:00,3284.7,2985.9295099710484,-9.095822754861981,62
d85ad7e2888f47b79e6eead8595df555,d54c6e5c30d3bcab409169037abffd35,1,4,20,0,cbec836eeb8e7f9f8329667d22da4b10,c2f59b42e22cdbc47fc907b3984e0d69,sixh,6h,spot,aster,ETH,1,2021-05-03T18:00:00+00:00,2021-05-19T00:00:00+00:00,3291.2693999999997,2979.957650951106,1.9419107583656523,6393.90799712228,5784.497097127248,4.871265311358262,24.354005814275833,-609.4108999950322,-9.53111774941571,stop,closed,2021-05-03T12:00:00+00:00,3284.7,2985.9295099710484,-9.095822754861981,62
d85ad7e2888f47b79e6eead8595df555,29320e750c3ee71b4fa8c31fcd49eec3,1,4,20,0,32bcc4d7638a045d809a9a65f45a8a88,3003db2c270742fdfeda8e1621327df6,sixh,6h,futures,aster,ADA,1,2021-05-05T18:00:00+00:00,2021-05-19T12:00:00+00:00,1.41930294,1.2388105853465032,3267.559055702627,4639.511236852115,4046.267591750659,3.4742171683326406,17.36879623913643,-593.243645101456,-12.786770304364406,stop,closed,2021-05-05T12:00:00+00:00,1.41647,1.241293171689883,-12.36714002485877,56
d85ad7e2888f47b79e6eead8595df555,d54c6e5c30d3bcab409169037abffd35,1,4,20,0,42a0736af1299e0d96dcd887b23e19ee,3003db2c270742fdfeda8e1621327df6,sixh,6h,spot,aster,ADA,1,2021-05-05T18:00:00+00:00,2021-05-19T12:00:00+00:00,1.41930294,1.2388105853465032,3267.364286449511,4639.234689703916,4046.026406051084,3.474010080818229,17.367760938040604,-593.208283652832,-12.786770304364396,stop,closed,2021-05-05T12:00:00+00:00,1.41647,1.241293171689883,-12.36714002485877,56
d85ad7e2888f47b79e6eead8595df555,29320e750c3ee71b4fa8c31fcd49eec3,1,4,20,0,395fbebfc701ad26659abfa35bf39de7,82aedd1819190086871c47f363ab37e9,sixh,6h,futures,aster,ADA,1,2021-08-11T00:00:00+00:00,2021-09-19T18:00:00+00:00,1.67918166,2.2774759199999997,2647.9706694622187,4448.202353892631,6028.277160791855,4.190845288378144,20.960647347088862,1580.0748068992234,35.52164854902558,trend_break,closed,2021-08-10T18:00:00+00:00,1.67583,2.28204,36.173716904459276,160
d85ad7e2888f47b79e6eead8595df555,d54c6e5c30d3bcab409169037abffd35,1,4,20,0,30247751264b52829d4e57e4d38b1f93,82aedd1819190086871c47f363ab37e9,sixh,6h,spot,aster,ADA,1,2021-08-11T00:00:00+00:00,2021-09-19T18:00:00+00:00,1.67918166,2.2774759199999997,2647.813275456936,4447.937955048315,6027.918843119294,4.190596186704525,20.959401457065486,1579.9808880709788,35.5216485490256,trend_break,closed,2021-08-10T18:00:00+00:00,1.67583,2.28204,36.173716904459276,160
d85ad7e2888f47b79e6eead8595df555,29320e750c3ee71b4fa8c31fcd49eec3,1,4,20,0,3f7b024595eb789733d4dfaa31f29217,7050cad11dbd45fe699f3fec26fffbd7,sixh,6h,futures,aster,BNB,1,2021-08-11T06:00:00+00:00,2021-09-07T18:00:00+00:00,385.94484900000003,417.71908759999997,13.972577960707003,5394.8015489822665,5834.2778721595305,4.491702803340877,22.460379730327226,439.476323177264,8.146292670583435,trend_break,closed,2021-08-11T00:00:00+00:00,385.1745,418.5562,8.666643300633869,111
d85ad7e2888f47b79e6eead8595df555,d54c6e5c30d3bcab409169037abffd35,1,4,20,0,7ae377e7acdb8bacec5ac00176cc09d6,7050cad11dbd45fe699f3fec26fffbd7,sixh,6h,spot,aster,BNB,0,2021-08-11T06:00:00+00:00,2021-09-07T18:00:00+00:00,385.94484900000003,417.71908759999997,13.971747437909027,5394.480884772013,5833.93108570422,4.4914358188523735,22.45904469698766,439.4502009322068,8.146292670583433,trend_break,closed,2021-08-11T00:00:00+00:00,385.1745,418.5562,8.666643300633869,111
d85ad7e2888f47b79e6eead8595df555,29320e750c3ee71b4fa8c31fcd49eec3,1,4,20,0,7c95275cb8a7b02404679f42593aa8fe,37b26afd8f711ab42d2c8c8e4c528b2d,sixh,6h,futures,aster,SOL,1,2021-08-15T18:00:00+00:00,2021-11-18T12:00:00+00:00,51.9874674,195.7958236,71.8283551237624,3735.667940100378,14058.066472510625,7.119146487873025,35.63719305885295,10322.398532410247,276.32002356539437,trend_break,closed,2021-08-15T12:00:00+00:00,51.8837,196.1882,278.13070386267754,380
d85ad7e2888f47b79e6eead8595df555,d54c6e5c30d3bcab409169037abffd35,1,4,20,0,0cf1947b38d969573fa8c1d8effd14cb,37b26afd8f711ab42d2c8c8e4c528b2d,sixh,6h,spot,aster,SOL,1,2021-08-15T18:00:00+00:00,2021-11-18T12:00:00+00:00,51.9874674,195.7958236,71.82408568353175,3735.4458939326164,14057.230868319779,7.118723329492593,35.635074802553035,10321.784974387163,276.32002356539437,trend_break,closed,2021-08-15T12:00:00+00:00,51.8837,196.1882,278.13070386267754,380
d85ad7e2888f47b79e6eead8595df555,29320e750c3ee71b4fa8c31fcd49eec3,1,4,20,0,3d8788ac0a41e69671696c930b9fb187,49641cdbbaa4038b400cab5a028ddc4a,sixh,6h,futures,aster,BNB,1,2021-10-13T12:00:00+00:00,2021-12-04T00:00:00+00:00,462.3059664,537.8837765999999,11.037883349087672,5104.920480441929,5934.723542124941,4.415991084075191,22.083380630109545,829.803061683012,16.254965476194382,trend_break,closed,2021-10-13T06:00:00+00:00,461.3832,538.9617,16.814331341063117,207
d85ad7e2888f47b79e6eead8595df555,d54c6e5c30d3bcab409169037abffd35,1,4,20,0,f3ed568850b00007cc6c6f7369cb49f6,49641cdbbaa4038b400cab5a028ddc4a,sixh,6h,spot,aster,BNB,0,2021-10-13T12:00:00+00:00,2021-12-04T00:00:00+00:00,462.3059664,537.8837765999999,11.037227263017618,5104.617046612269,5934.370785231027,4.415728599852073,22.082068005401265,829.7537386187578,16.254965476194382,trend_break,closed,2021-10-13T06:00:00+00:00,461.3832,538.9617,16.814331341063117,207
d85ad7e2888f47b79e6eead8595df555,29320e750c3ee71b4fa8c31fcd49eec3,1,4,20,0,a753857e8f91504be8cfb32b8ab8103f,cbbf1a83dcd9492be83f97610579c0b7,sixh,6h,futures,aster,ETH,1,2021-10-14T18:00:00+00:00,2021-11-18T12:00:00+00:00,3795.90666,4025.99188,1.8505307822710384,7027.251897806028,7447.2418143520035,5.789865609628357,28.951146971858293,419.9899165459756,5.976588325759324,trend_break,closed,2021-10-14T12:00:00+00:00,3788.33,4034.06,6.486499328200024,140
d85ad7e2888f47b79e6eead8595df555,d54c6e5c30d3bcab409169037abffd35,1,4,20,0,0a0ad2c7215eb15dd2add78ef68ebe73,cbbf1a83dcd9492be83f97610579c0b7,sixh,6h,spot,aster,ETH,1,2021-10-14T18:00:00+00:00,2021-11-18T12:00:00+00:00,3795.90666,4025.99188,1.8504207876796788,7026.834201592441,7446.799154155278,5.789521463014932,28.949426130675285,419.9649525628374,5.9765883257593275,trend_break,closed,2021-10-14T12:00:00+00:00,3788.33,4034.06,6.486499328200024,140
d85ad7e2888f47b79e6eead8595df555,29320e750c3ee71b4fa8c31fcd49eec3,1,4,20,0,eb8305ec6bbd5e75445204c3d7f4848c,5868dc2bf159c4a5982cd4e59356a265,sixh,6h,futures,aster,ADA,1,2021-10-21T06:00:00+00:00,2021-10-21T12:00:00+00:00,2.27557206,2.14342456,4193.27656482958,9545.919831975283,8984.376787137782,7.4120299866828505,37.05808164168141,-561.5430448375009,-5.8825451577389165,trend_break,closed,2021-10-21T00:00:00+00:00,2.27103,2.14772,-5.42969489614844,2
d85ad7e2888f47b79e6eead8595df555,d54c6e5c30d3bcab409169037abffd35,1,4,20,0,46256e9fc520895cb8bc4f547b5b323d,5868dc2bf159c4a5982cd4e59356a265,sixh,6h,spot,aster,ADA,1,2021-10-21T06:00:00+00:00,2021-10-21T12:00:00+00:00,2.27557206,2.14342456,4193.027318642147,9545.352427444035,8983.842760434314,7.411589419458926,37.05587892849998,-561.5096670097209,-5.8825451577388925,trend_break,closed,2021-10-21T00:00:00+00:00,2.27103,2.14772,-5.42969489614844,2
d85ad7e2888f47b79e6eead8595df555,29320e750c3ee71b4fa8c31fcd49eec3,1,4,20,0,dd452d8850e027a3286c14a864ad2d0c,ba41cf31e738825fc45082ea3bea41f5,sixh,6h,futures,aster,ADA,1,2021-11-09T00:00:00+00:00,2021-11-10T18:00:00+00:00,2.1297610199999997,1.9613209190405165,4096.804687765192,8728.705016527798,8031.934675842988,6.70414546635708,33.51810113940908,-696.7703406848095,-7.982516757817744,stop,closed,2021-11-08T18:00:00+00:00,2.12551,1.9652514218842851,-7.539770601677464,8
d85ad7e2888f47b79e6eead8595df555,d54c6e5c30d3bcab409169037abffd35,1,4,20,0,6680a67e83274621a1ed17060e96f920,ba41cf31e738825fc45082ea3bea41f5,sixh,6h,spot,aster,ADA,1,2021-11-09T00:00:00+00:00,2021-11-10T18:00:00+00:00,2.1297610199999997,1.9613209190405165,4096.561175816173,8728.186186821971,8031.457261805373,6.703746975422451,33.51610884083546,-696.7289250165986,-7.982516757817757,stop,closed,2021-11-08T18:00:00+00:00,2.12551,1.9652514218842851,-7.539770601677464,8
d85ad7e2888f47b79e6eead8595df555,29320e750c3ee71b4fa8c31fcd49eec3,1,4,20,0,1c3e52323ec80a4774dd89d735962641,6f54a38f6e9c35a0e9320da135a72bb1,sixh,6h,futures,aster,ETH,1,2022-08-10T18:00:00+00:00,2022-08-19T18:00:00+00:00,1837.53774,1667.4874190341131,3.598170219065859,6614.418281906574,5997.503610406804,5.044670857725249,25.221007692654446,-616.9146714997696,-9.326816738930924,stop,closed,2022-08-10T12:00:00+00:00,1833.87,1670.8290771884901,-8.890538741105413,37
d85ad7e2888f47b79e6eead8595df555,d54c6e5c30d3bcab409169037abffd35,1,4,20,0,c3f91cd0c7234b712493b8eae986ce7d,6f54a38f6e9c35a0e9320da135a72bb1,sixh,6h,spot,aster,ETH,1,2022-08-10T18:00:00+00:00,2022-08-19T18:00:00+00:00,1837.53774,1667.4874190341131,3.597956345691429,6614.02512430932,5997.1471218981405,5.04437100510196,25.219508569018444,-616.8780024111793,-9.326816738930937,stop,closed,2022-08-10T12:00:00+00:00,1833.87,1670.8290771884901,-8.890538741105413,37
d85ad7e2888f47b79e6eead8595df555,29320e750c3ee71b4fa8c31fcd49eec3,1,4,20,0,1c0e4bf3c172b7684de52985647d758a,ed5ff49123a1a0146cb12e06020244fe,sixh,6h,futures,aster,ADA,1,2022-08-14T06:00:00+00:00,2022-08-15T18:00:00+00:00,0.58860486,0.5420076692720632,13355.497693555773,7864.255294485778,7235.88666398184,6.0399572107993205,30.197417528973546,-628.3686305039382,-7.990186063066071,stop,closed,2022-08-14T00:00:00+00:00,0.58743,0.5430938569860353,-7.547476808124321,7
d85ad7e2888f47b79e6eead8595df555,d54c6e5c30d3bcab409169037abffd35,1,4,20,0,a0d6338964636ddb48b31401d6548ed2,ed5ff49123a1a0146cb12e06020244fe,sixh,6h,spot,aster,ADA,1,2022-08-14T06:00:00+00:00,2022-08-15T18:00:00+00:00,0.58860486,0.5420076692720632,13354.70384968931,7863.787847223753,7235.456566625798,6.039598198870637,30.195622610114025,-628.3312805979549,-7.990186063066061,stop,closed,2022-08-14T00:00:00+00:00,0.58743,0.5430938569860353,-7.547476808124321,7
d85ad7e2888f47b79e6eead8595df555,29320e750c3ee71b4fa8c31fcd49eec3,1,4,20,0,2334e2624b6098e840fee62da09f90c5,5aa5fbf719d5e5b127a17b7f9a6fe5d2,sixh,6h,futures,aster,SOL,1,2022-11-05T18:00:00+00:00,2022-11-06T18:00:00+00:00,36.7746024,32.61877002672293,142.9455306497868,5258.867760524724,4660.842307657023,3.9677889780464772,19.836648006168854,-598.0254528677006,-11.371753010348186,stop,closed,2022-11-05T12:00:00+00:00,36.7012,32.68413830332959,-10.94531431307535,5
d85ad7e2888f47b79e6eead8595df555,d54c6e5c30d3bcab409169037abffd35,1,4,20,0,3e4ce5fc07c0ce82b9917af69c91ae47,5aa5fbf719d5e5b127a17b7f9a6fe5d2,sixh,6h,spot,aster,SOL,1,2022-11-05T18:00:00+00:00,2022-11-06T18:00:00+00:00,36.7746024,32.61877002672293,142.9370340414725,5258.55517614846,4660.565269603977,3.9675531347244295,19.835468926084214,-597.9899065444833,-11.371753010348193,stop,closed,2022-11-05T12:00:00+00:00,36.7012,32.68413830332959,-10.94531431307535,5
d85ad7e2888f47b79e6eead8595df555,29320e750c3ee71b4fa8c31fcd49eec3,1,4,20,0,b0b845f873dfc23a8b3fc298752b5daf,314e2db6240b363c3dd37837ca23e269,sixh,6h,futures,aster,ADA,1,2023-02-14T18:00:00+00:00,2023-02-24T12:00:00+00:00,0.38174196,0.36480892,18316.20373240296,6994.860337971847,6679.241736317045,5.469591205873885,27.346824820626914,-315.61860165480175,-4.512150156043217,trend_break,closed,2023-02-14T12:00:00+00:00,0.38098,0.36554,-4.052706178802035,40
d85ad7e2888f47b79e6eead8595df555,d54c6e5c30d3bcab409169037abffd35,1,4,20,0,dd842b40f0d138a73eede88952933da0,314e2db6240b363c3dd37837ca23e269,sixh,6h,spot,aster,ADA,1,2023-02-14T18:00:00+00:00,2023-02-24T12:00:00+00:00,0.38174196,0.36480892,18315.115026738556,6994.444567095802,6678.844725647231,5.469266096205157,27.345199339521734,-315.59984144857117,-4.512150156043241,trend_break,closed,2023-02-14T12:00:00+00:00,0.38098,0.36554,-4.052706178802035,40
d85ad7e2888f47b79e6eead8595df555,29320e750c3ee71b4fa8c31fcd49eec3,1,4,20,0,9c6100136dd3ef20d967f5172f2ff9ef,e7887ddf3fdb8f147588e7879ce8eb6d,sixh,6h,futures,aster,ETH,1,2023-02-16T00:00:00+00:00,2023-02-25T18:00:00+00:00,1677.78888,1562.3399877215415,5.262759376461375,8833.331079606607,8218.93053183425,6.820807431817888,34.10174324710107,-614.4005477723567,-6.955479673922955,stop,closed,2023-02-15T18:00:00+00:00,1674.44,1565.470929580703,-6.507791883811731,40
d85ad7e2888f47b79e6eead8595df555,29320e750c3ee71b4fa8c31fcd49eec3,1,4,20,0,ecb0663df5e40bf986bc5d34f7cc695b,4f1583bf0f62291c2542be1bf36b84cb,sixh,6h,futures,aster,SOL,1,2023-02-16T00:00:00+00:00,2023-03-02T12:00:00+00:00,23.92776,21.7478172,225.85402221544177,5406.342510941202,4909.8672562305555,4.1264051310527705,20.630138780420655,-496.47525471064637,-9.183200171019388,trend_break,closed,2023-02-15T18:00:00+00:00,23.88,21.7914,-8.746231155778894,59
d85ad7e2888f47b79e6eead8595df555,d54c6e5c30d3bcab409169037abffd35,1,4,20,0,d284ba0bca0ce101605f533f558f1130,e7887ddf3fdb8f147588e7879ce8eb6d,sixh,6h,spot,aster,ETH,1,2023-02-16T00:00:00+00:00,2023-02-25T18:00:00+00:00,1677.78888,1562.3399877215415,5.262446560769475,8832.80603098177,8218.442002859796,6.820402006556448,34.0997162571428,-614.3640281219741,-6.9554796739229126,stop,closed,2023-02-15T18:00:00+00:00,1674.44,1565.470929580703,-6.507791883811731,40
d85ad7e2888f47b79e6eead8595df555,d54c6e5c30d3bcab409169037abffd35,1,4,20,0,df4edd4c6a10f5d048768fd01eff6645,4f1583bf0f62291c2542be1bf36b84cb,sixh,6h,spot,aster,SOL,1,2023-02-16T00:00:00+00:00,2023-03-02T12:00:00+00:00,23.92776,21.7478172,226.13368759114124,5413.036953637644,4915.9469348538505,4.131514682035942,20.655684198900097,-497.0900187837933,-9.183200171019362,trend_break,closed,2023-02-15T18:00:00+00:00,23.88,21.7914,-8.746231155778894,59
d85ad7e2888f47b79e6eead8595df555,29320e750c3ee71b4fa8c31fcd49eec3,1,4,20,0,f2086c56d251b771d05dc0a75054feda,8b98cd6f3e0e1e2fe09fffa9a79c8f1e,sixh,6h,futures,aster,BNB,1,2023-03-13T06:00:00+00:00,2023-03-27T12:00:00+00:00,304.4076,306.0866,27.03976411123529,8234.402141546334,8273.198857825386,6.603047663710919,33.015551979818284,38.79671627905191,0.47115401473173973,trend_break,closed,2023-03-13T00:00:00+00:00,303.8,306.7,0.9545753785385136,58
d85ad7e2888f47b79e6eead8595df555,d54c6e5c30d3bcab409169037abffd35,1,4,20,0,8a86f5fa3e44ec7931b9ba28fd5f7a39,8b98cd6f3e0e1e2fe09fffa9a79c8f1e,sixh,6h,spot,aster,BNB,0,2023-03-13T06:00:00+00:00,2023-03-27T12:00:00+00:00,304.4076,306.0866,27.03784305957493,8233.817124907839,8272.611084857512,6.6025785473523,33.01320637574099,38.79395994967308,0.4711540147317433,trend_break,closed,2023-03-13T00:00:00+00:00,303.8,306.7,0.9545753785385136,58
d85ad7e2888f47b79e6eead8595df555,29320e750c3ee71b4fa8c31fcd49eec3,1,4,20,0,2a413e66abc686863908bbf92e23849f,b119b8b34ed83863ae7f7f45162d76a3,sixh,6h,futures,aster,BTC,1,2023-03-13T18:00:00+00:00,2023-05-08T12:00:00+00:00,24157.59876,27494.8501,0.2799334791218133,6765.225676382849,7693.650354807166,5.783699885816536,28.92235195200373,928.4246784243169,13.723484224117058,trend_break,closed,2023-03-13T12:00:00+00:00,24109.38,27549.95,14.270669755920729,224
d85ad7e2888f47b79e6eead8595df555,d54c6e5c30d3bcab409169037abffd35,1,4,20,0,cacb2582e3243212406cbd171849409c,b119b8b34ed83863ae7f7f45162d76a3,sixh,6h,spot,aster,BTC,1,2023-03-13T18:00:00+00:00,2023-05-08T12:00:00+00:00,24157.59876,27494.8501,0.2799135911275008,6764.745038017632,7693.103756111723,5.783288980372874,28.92029715108127,928.3587180940904,13.723484224117044,trend_break,closed,2023-03-13T12:00:00+00:00,24109.38,27549.95,14.270669755920729,224
d85ad7e2888f47b79e6eead8595df555,29320e750c3ee71b4fa8c31fcd49eec3,1,4,20,0,8ad1855353e43eba06c22e03d9a8de7f,ca00268c2207534e5bcae256246df754,sixh,6h,futures,aster,ADA,1,2023-03-22T00:00:00+00:00,2023-03-27T00:00:00+00:00,0.3710406,0.34740380000000004,14572.152334818164,5409.022889660573,5060.396126856585,4.187712496358815,20.937268474666737,-348.62676280398773,-6.445281706431542,trend_break,closed,2023-03-21T18:00:00+00:00,0.3703,0.3481,-5.9951390764245165,21
d85ad7e2888f47b79e6eead8595df555,d54c6e5c30d3bcab409169037abffd35,1,4,20,0,34cde7b53070caa3e11f95818e0a8179,ca00268c2207534e5bcae256246df754,sixh,6h,spot,aster,ADA,1,2023-03-22T00:00:00+00:00,2023-03-27T00:00:00+00:00,0.3710406,0.34740380000000004,14571.117049993836,5408.638603305103,5060.036608839285,4.187414978525037,20.935780977431143,-348.6019944658183,-6.445281706431542,trend_break,closed,2023-03-21T18:00:00+00:00,0.3703,0.3481,-5.9951390764245165,21
d85ad7e2888f47b79e6eead8595df555,29320e750c3ee71b4fa8c31fcd49eec3,1,4,20,0,ad485e25ef6235de0c7d21e273976c0d,d055ec6eaf9caf19926d2fd3f5ebcef6,sixh,6h,futures,aster,ADA,1,2023-03-29T06:00:00+00:00,2023-04-21T18:00:00+00:00,0.37765380000000004,0.38193459999999996,17266.85874021433,6523.503175232078,6592.172861885783,5.246282241402168,26.231811798133613,68.66968665370496,1.0526504672278632,trend_break,closed,2023-03-29T00:00:00+00:00,0.3769,0.3827,1.5388697267179507,95
d85ad7e2888f47b79e6eead8595df555,d54c6e5c30d3bcab409169037abffd35,1,4,20,0,1a764277dfe14e9cfb29dbfb56e19034,d055ec6eaf9caf19926d2fd3f5ebcef6,sixh,6h,spot,aster,ADA,1,2023-03-29T06:00:00+00:00,2023-04-21T18:00:00+00:00,0.37765380000000004,0.38193459999999996,17265.63200881551,6523.039710145825,6591.704518132135,5.245909517025985,26.229948147792527,68.66480798630982,1.0526504672278747,trend_break,closed,2023-03-29T00:00:00+00:00,0.3769,0.3827,1.5388697267179507,95
d85ad7e2888f47b79e6eead8595df555,29320e750c3ee71b4fa8c31fcd49eec3,1,4,20,0,b5be61f973101229ff8d6b8e2ce69644,15efa0e4fe418fc338666c19e8837107,sixh,6h,futures,aster,ETH,1,2023-04-04T12:00:00+00:00,2023-04-25T06:00:00+00:00,1868.64984,1822.62744,5.477939899079565,10240.446056551024,9980.249877303353,8.088238036271157,40.44034351096498,-260.19617924767044,-2.5408676322377346,trend_break,closed,2023-04-04T06:00:00+00:00,1864.92,1826.28,-2.071938742680657,84
d85ad7e2888f47b79e6eead8595df555,d54c6e5c30d3bcab409169037abffd35,1,4,20,0,e6b1ce865b92f1cf03e9e79e9891be59,15efa0e4fe418fc338666c19e8837107,sixh,6h,spot,aster,ETH,1,2023-04-04T12:00:00+00:00,2023-04-25T06:00:00+00:00,1868.64984,1822.62744,5.477550716485547,10239.718519660584,9979.540826162274,8.087663403924328,40.437470409382904,-260.17769349830996,-2.540867632237747,trend_break,closed,2023-04-04T06:00:00+00:00,1864.92,1826.28,-2.071938742680657,84
d85ad7e2888f47b79e6eead8595df555,29320e750c3ee71b4fa8c31fcd49eec3,1,4,20,0,b39bae743ef1d0f6e53346b7b0399e7c,887fbaed56407b800c5847585fb6dec6,sixh,6h,futures,aster,SOL,1,2023-04-11T06:00:00+00:00,2023-04-21T12:00:00+00:00,22.02396,21.57676,432.7211942596365,9534.046367235873,9332.986666911373,7.546782251592007,37.733288139440305,-201.05970032450023,-2.1088601059823855,trend_break,closed,2023-04-11T00:00:00+00:00,21.98,21.62,-1.6378525932666088,42
d85ad7e2888f47b79e6eead8595df555,d54c6e5c30d3bcab409169037abffd35,1,4,20,0,080d0eb703185b13ad8764178b89722b,887fbaed56407b800c5847585fb6dec6,sixh,6h,spot,aster,SOL,1,2023-04-11T06:00:00+00:00,2023-04-21T12:00:00+00:00,22.02396,21.57676,432.69045139644874,9533.369016814906,9332.32360086321,7.546246087204068,37.73060736177034,-201.04541595169576,-2.108860105982396,trend_break,closed,2023-04-11T00:00:00+00:00,21.98,21.62,-1.6378525932666088,42
d85ad7e2888f47b79e6eead8595df555,29320e750c3ee71b4fa8c31fcd49eec3,1,4,20,0,4823010d178fdc46a127c5eca1bb34ed,b277c3ad6990a145be678064f07ba541,sixh,6h,futures,aster,SOL,1,2023-07-07T18:00:00+00:00,2023-08-16T18:00:00+00:00,21.31254,22.8043,239.92870243868745,5115.535463899772,5469.217546578951,4.233958470758074,21.17130870318978,353.6820826791791,6.913881942078326,trend_break,closed,2023-07-07T12:00:00+00:00,21.27,22.85,7.428302773859907,161
d85ad7e2888f47b79e6eead8595df555,d54c6e5c30d3bcab409169037abffd35,1,4,20,0,a1a103e6dc87224738014294a33913ef,b277c3ad6990a145be678064f07ba541,sixh,6h,spot,aster,SOL,1,2023-07-07T18:00:00+00:00,2023-08-16T18:00:00+00:00,21.31254,22.8043,239.91165660092466,5115.17202848458,5468.828983668216,4.233657667359175,21.169804578465595,353.65695518363646,6.913881942078317,trend_break,closed,2023-07-07T12:00:00+00:00,21.27,22.85,7.428302773859907,161
d85ad7e2888f47b79e6eead8595df555,29320e750c3ee71b4fa8c31fcd49eec3,1,4,20,0,1b23d0d0cd2f56f63b7ddea34d0e6b24,9b731edb40aa7463c6406c55869e854d,sixh,6h,futures,aster,XRP,1,2023-10-04T00:00:00+00:00,2023-10-08T00:00:00+00:00,0.5392764,0.5193592,19613.113389895825,10581.119937367494,10182.176379333709,8.305256024552161,41.524883669087444,-398.94355803378494,-3.770333957040839,trend_break,closed,2023-10-03T18:00:00+00:00,0.5382,0.5204,-3.307320698625049,17
d85ad7e2888f47b79e6eead8595df555,d54c6e5c30d3bcab409169037abffd35,1,4,20,0,2a68f738dde995fcb7d0da0dc8add29b,9b731edb40aa7463c6406c55869e854d,sixh,6h,spot,aster,XRP,0,2023-10-04T00:00:00+00:00,2023-10-08T00:00:00+00:00,0.5392764,0.5193592,19611.719967827226,10580.368197154807,10181.452982237528,8.304665974069103,41.5219335158838,-398.9152149172787,-3.7703339570408523,trend_break,closed,2023-10-03T18:00:00+00:00,0.5382,0.5204,-3.307320698625049,17
d85ad7e2888f47b79e6eead8595df555,29320e750c3ee71b4fa8c31fcd49eec3,1,4,20,0,7e48f66e5ef1f351227bbb256dd762ff,040f69c65802ffff7f2b0b1250bb838c,sixh,6h,futures,aster,XRP,1,2023-10-20T00:00:00+00:00,2023-11-21T18:00:00+00:00,0.522042,0.5789397999999999,21336.663677691045,11143.09003346104,12347.702744708824,9.396511352743563,46.987600751011215,1204.6127112477843,10.810400953689792,trend_break,closed,2023-10-19T18:00:00+00:00,0.521,0.5801,11.343570057581553,132
d85ad7e2888f47b79e6eead8595df555,d54c6e5c30d3bcab409169037abffd35,1,4,20,0,6b4a9d430d3154ccd54690f7e77d01b3,040f69c65802ffff7f2b0b1250bb838c,sixh,6h,spot,aster,XRP,0,2023-10-20T00:00:00+00:00,2023-11-21T18:00:00+00:00,0.522042,0.5789397999999999,21335.147805251632,11142.298367841393,12346.82549686148,9.395843773556797,46.984262496725144,1204.5271290200872,10.810400953689783,trend_break,closed,2023-10-19T18:00:00+00:00,0.521,0.5801,11.343570057581553,132
d85ad7e2888f47b79e6eead8595df555,29320e750c3ee71b4fa8c31fcd49eec3,1,4,20,0,1891b5b482473cd145a85de3369b953e,b987dafc98f5e20f903ecefdcea04fcb,sixh,6h,futures,aster,SOL,1,2023-10-21T12:00:00+00:00,2024-01-22T12:00:00+00:00,29.39868,86.59646,236.77200121577906,6963.56861042098,20495.4156855492,10.985760571641784,54.983194122328214,13531.84707512822,194.32345442648202,trend_break,closed,2023-10-21T06:00:00+00:00,29.34,86.77,195.73960463531014,373
d85ad7e2888f47b79e6eead8595df555,d54c6e5c30d3bcab409169037abffd35,1,4,20,0,bf08994d76aad91dc2d857dee57ddcd7,b987dafc98f5e20f903ecefdcea04fcb,sixh,6h,spot,aster,SOL,1,2023-10-21T12:00:00+00:00,2024-01-22T12:00:00+00:00,29.39868,86.59646,236.75517964721107,6963.073880696787,20493.959579934883,10.984980083561359,54.979287817675356,13530.885699238097,194.32345442648207,trend_break,closed,2023-10-21T06:00:00+00:00,29.34,86.77,195.73960463531014,373
d85ad7e2888f47b79e6eead8595df555,29320e750c3ee71b4fa8c31fcd49eec3,1,4,20,0,1312fda441fd6463af8625f876b42b86,8b139bb34047ff52d114af026a99e513,sixh,6h,futures,aster,BNB,1,2023-10-23T06:00:00+00:00,2023-11-21T18:00:00+00:00,222.74460000000002,224.94920000000002,50.247606687090304,11196.860005694245,11298.637662605144,8.99821679145955,44.99170702762066,101.77765691089917,0.9089839192339584,trend_break,closed,2023-10-23T00:00:00+00:00,222.3,225.4,1.3945119208277124,119
d85ad7e2888f47b79e6eead8595df555,d54c6e5c30d3bcab409169037abffd35,1,4,20,0,76d0c193c46372774cb7decdd40d813d,8b139bb34047ff52d114af026a99e513,sixh,6h,spot,aster,BNB,0,2023-10-23T06:00:00+00:00,2023-11-21T18:00:00+00:00,222.74460000000002,224.94920000000002,50.24403682428168,11196.064519963818,11297.834946037348,8.99757750928104,44.98851057246182,101.77042607352996,0.9089839192339599,trend_break,closed,2023-10-23T00:00:00+00:00,222.3,225.4,1.3945119208277124,119
d85ad7e2888f47b79e6eead8595df555,29320e750c3ee71b4fa8c31fcd49eec3,1,4,20,0,adfaa0a1963635ddcb651a1c4af97a62,d5aeaa31eaf73b54a1900fa590128a47,sixh,6h,futures,aster,BTC,1,2023-10-24T00:00:00+00:00,2024-01-14T18:00:00+00:00,32980.83,41616.60998,0.31828800524609624,10501.601553097433,13240.769348528725,9.497388147079835,47.498125388635046,2739.1677954312927,26.08333387609225,trend_break,closed,2023-10-23T18:00:00+00:00,32915,41700.01,26.689989366550204,332
d85ad7e2888f47b79e6eead8595df555,29320e750c3ee71b4fa8c31fcd49eec3,1,4,20,0,39469d417476f8964152ad205da2660c,8b1733305f452c0e3664f613afa859ca,sixh,6h,futures,aster,ETH,1,2023-10-24T00:00:00+00:00,2024-01-22T18:00:00+00:00,1766.35566,2309.9807800000003,6.429174806726831,11360.75179271494,14845.329726705277,10.482991817516215,52.4291490478805,3484.5779339903365,30.6720716865306,trend_break,closed,2023-10-23T18:00:00+00:00,1762.83,2314.61,31.300806090207246,364
d85ad7e2888f47b79e6eead8595df555,d54c6e5c30d3bcab409169037abffd35,1,4,20,0,c11c4a1714ceb1ad4f9a20531a9da77c,d5aeaa31eaf73b54a1900fa590128a47,sixh,6h,spot,aster,BTC,1,2023-10-24T00:00:00+00:00,2024-01-14T18:00:00+00:00,32980.83,41616.60998,0.3182653923379943,10500.855462302525,13239.828652380764,9.496713401057873,47.49475086390674,2738.973190078239,26.08333387609226,trend_break,closed,2023-10-23T18:00:00+00:00,32915,41700.01,26.689989366550204,332
d85ad7e2888f47b79e6eead8595df555,d54c6e5c30d3bcab409169037abffd35,1,4,20,0,e17a22de33929c946afb17fc9fae41ed,8b1733305f452c0e3664f613afa859ca,sixh,6h,spot,aster,ETH,1,2023-10-24T00:00:00+00:00,2024-01-22T18:00:00+00:00,1766.35566,2309.9807800000003,6.4620004467239145,11418.756740418912,14921.125993550744,10.53651515851079,52.69683820297992,3502.369253131832,30.67207168653059,trend_break,closed,2023-10-23T18:00:00+00:00,1762.83,2314.61,31.300806090207246,364
d85ad7e2888f47b79e6eead8595df555,29320e750c3ee71b4fa8c31fcd49eec3,1,4,20,0,e67e75a6141ae30a8f7376b7efbb0656,27a76c3c70cf04754cbd2a98d64d27ec,sixh,6h,futures,aster,ADA,1,2023-12-03T00:00:00+00:00,2024-01-06T00:00:00+00:00,0.3975936,0.5197584000000001,35094.89529208021,13959.087163105543,18233.57027852907,12.877748954392146,64.4061518400256,4274.483115423527,30.62150888147734,trend_break,closed,2023-12-02T18:00:00+00:00,0.3968,0.5208,31.25000000000002,137
d85ad7e2888f47b79e6eead8595df555,d54c6e5c30d3bcab409169037abffd35,1,4,20,0,df6194671c5583bf04296647ba0f111b,27a76c3c70cf04754cbd2a98d64d27ec,sixh,6h,spot,aster,ADA,1,2023-12-03T00:00:00+00:00,2024-01-06T00:00:00+00:00,0.3975936,0.5197584000000001,35098.92558028489,13960.690220868599,18235.664216767418,12.879227831570205,64.41354822493884,4274.973995898819,30.62150888147736,trend_break,closed,2023-12-02T18:00:00+00:00,0.3968,0.5208,31.25000000000002,137
d85ad7e2888f47b79e6eead8595df555,29320e750c3ee71b4fa8c31fcd49eec3,1,4,20,0,407cb95a8bf06451329dca09e4a1ae0e,76f844ae613a27992aa6c2298d31713a,sixh,6h,futures,aster,BNB,1,2023-12-12T06:00:00+00:00,2023-12-18T00:00:00+00:00,251.502,235.528,45.54840013996441,11460.09593749413,10723.63241873027,8.873374928066747,44.36414173632534,-736.4635187638596,-6.426329437211457,trend_break,closed,2023-12-12T00:00:00+00:00,251,236,-5.976095617529875,24
d85ad7e2888f47b79e6eead8595df555,d54c6e5c30d3bcab409169037abffd35,1,4,20,0,96fc81dcbbc5732ab340e10894647241,76f844ae613a27992aa6c2298d31713a,sixh,6h,spot,aster,BNB,0,2023-12-12T06:00:00+00:00,2023-12-18T00:00:00+00:00,251.502,235.528,45.55436973980498,11461.597904339753,10725.037864238357,8.874537877750889,44.36995612657005,-736.5600401013962,-6.42632943721145,trend_break,closed,2023-12-12T00:00:00+00:00,251,236,-5.976095617529875,24
d85ad7e2888f47b79e6eead8595df555,29320e750c3ee71b4fa8c31fcd49eec3,1,4,20,0,a420fc93f736650fbe2c607ed2a340a9,d1a905179a30bc084e922f51a3078613,sixh,6h,futures,aster,XRP,1,2023-12-25T12:00:00+00:00,2023-12-26T12:00:00+00:00,0.6435846,0.6062159440062281,20942.220538219637,13483.48186445315,12690.429789966172,10.469439448546122,52.34427628929562,-793.0520744869773,-5.8816564034377565,stop,closed,2023-12-25T06:00:00+00:00,0.6423,0.6074308056174631,-5.428801865567012,5
d85ad7e2888f47b79e6eead8595df555,d54c6e5c30d3bcab409169037abffd35,1,4,20,0,4e70f9cbc62a1bee7f1d3fb985252b40,d1a905179a30bc084e922f51a3078613,sixh,6h,spot,aster,XRP,0,2023-12-25T12:00:00+00:00,2023-12-26T12:00:00+00:00,0.6435846,0.6062159440062281,20836.752896417987,13415.577363451266,12626.519198395687,10.41671404210662,52.080663967384915,-789.0581650555796,-5.881656403437772,stop,closed,2023-12-25T06:00:00+00:00,0.6423,0.6074308056174631,-5.428801865567012,5
d85ad7e2888f47b79e6eead8595df555,29320e750c3ee71b4fa8c31fcd49eec3,1,4,20,0,d888903e59e4d7600a6e14c148cb9d9b,844f3506b4ab5d068f5963685729950e,sixh,6h,futures,aster,BNB,1,2023-12-26T12:00:00+00:00,2024-01-25T00:00:00+00:00,290.37960000000004,288.1226,41.998814832899676,12200.477291272136,12095.96740348299,9.718562711290037,48.592628761664926,-104.50988778914689,-0.8566049122021661,trend_break,closed,2023-12-26T06:00:00+00:00,289.8,288.7,-0.3795721187025647,119
d85ad7e2888f47b79e6eead8595df555,d54c6e5c30d3bcab409169037abffd35,1,4,20,0,0c427139d488c39a868545ea5ab61224,844f3506b4ab5d068f5963685729950e,sixh,6h,spot,aster,BNB,0,2023-12-26T12:00:00+00:00,2024-01-25T00:00:00+00:00,290.37960000000004,288.1226,42.00532222958145,12202.367662363731,12097.841581562952,9.72006852860871,48.60015781962574,-104.5260808007788,-0.8566049122021863,trend_break,closed,2023-12-26T06:00:00+00:00,289.8,288.7,-0.3795721187025647,119
d85ad7e2888f47b79e6eead8595df555,29320e750c3ee71b4fa8c31fcd49eec3,1,4,20,0,b6649ba88a5267ae0624eda66d3bccfb,f9f8a631e744629d2c3efce62c6557ef,sixh,6h,futures,aster,ADA,1,2024-01-11T00:00:00+00:00,2024-01-14T18:00:00+00:00,0.5673324000000001,0.5236506000000001,11976.08242786152,6797.137354231063,6268.774235899543,5.226280934158259,26.129416641108268,-528.3631183315201,-7.773318248492156,trend_break,closed,2024-01-10T18:00:00+00:00,0.5662,0.5247,-7.329565524549631,16
d85ad7e2888f47b79e6eead8595df555,d54c6e5c30d3bcab409169037abffd35,1,4,20,0,7b0675c929604073abd7b34733bcd8dc,f9f8a631e744629d2c3efce62c6557ef,sixh,6h,spot,aster,ADA,1,2024-01-11T00:00:00+00:00,2024-01-14T18:00:00+00:00,0.5673324000000001,0.5236506000000001,11979.712900981971,6799.197863133634,6270.67457488758,5.227865247940806,26.13733760736247,-528.5232882460541,-7.773318248492135,trend_break,closed,2024-01-10T18:00:00+00:00,0.5662,0.5247,-7.329565524549631,16
d85ad7e2888f47b79e6eead8595df555,29320e750c3ee71b4fa8c31fcd49eec3,1,4,20,0,1c688f0b110358f8a810ef67e62cd8a0,e58599a75073c2d4beea8f99cfc7dce9,sixh,6h,futures,aster,BNB,1,2024-02-15T06:00:00+00:00,2024-05-01T06:00:00+00:00,340.0788,549.4988000000001,43.083886720832666,14657.777261954852,23665.074234812513,15.33058421911608,76.68931836308215,9007.29697285766,61.45063342063906,trend_break,closed,2024-02-15T00:00:00+00:00,339.4,550.6,62.22746022392458,305
d85ad7e2888f47b79e6eead8595df555,d54c6e5c30d3bcab409169037abffd35,1,4,20,0,7b569c1b1f64fcddd7fe130e4ec098a5,e58599a75073c2d4beea8f99cfc7dce9,sixh,6h,spot,aster,BNB,0,2024-02-15T06:00:00+00:00,2024-05-01T06:00:00+00:00,340.0788,549.4988000000001,43.093063020952265,14660.899175354018,23670.11458377031,15.33384943153099,76.70565217729504,9009.215408416294,61.450633420639065,trend_break,closed,2024-02-15T00:00:00+00:00,339.4,550.6,62.22746022392458,305
d85ad7e2888f47b79e6eead8595df555,29320e750c3ee71b4fa8c31fcd49eec3,1,4,20,0,aff18e9bc7f408ab20a0f89200f792c8,e3384c3c8b6505d91722b30955d99da1,sixh,6h,futures,aster,XRP,1,2024-02-16T00:00:00+00:00,2024-02-21T06:00:00+00:00,0.5635248,0.5368242000000001,25281.65080147837,14252.535946457567,13566.373245396513,11.12745567110237,55.6348007537333,-686.1627010610537,-4.814320087588326,trend_break,closed,2024-02-15T18:00:00+00:00,0.5624,0.5379,-4.35633001422474,22
d85ad7e2888f47b79e6eead8595df555,d54c6e5c30d3bcab409169037abffd35,1,4,20,0,8a5326eb07c8ba90d4aede1aecaa0c16,e3384c3c8b6505d91722b30955d99da1,sixh,6h,spot,aster,XRP,0,2024-02-16T00:00:00+00:00,2024-02-21T06:00:00+00:00,0.5635248,0.5368242000000001,25287.035459941904,14255.571548796732,13569.262704122484,11.129825672524648,55.64665023314816,-686.3088446742477,-4.814320087588329,trend_break,closed,2024-02-15T18:00:00+00:00,0.5624,0.5379,-4.35633001422474,22
d85ad7e2888f47b79e6eead8595df555,29320e750c3ee71b4fa8c31fcd49eec3,1,4,20,0,da3c2fc46b9635d1075074803a662a73,49dda6dd9d3673a8caacee52824db94a,sixh,6h,futures,aster,SOL,1,2024-02-27T00:00:00+00:00,2024-04-12T18:00:00+00:00,110.30016,153.25288,89.36669718204466,9861.103862250215,13690.225437748535,9.421145886834921,47.12127209014851,3829.1215754983205,38.830557197118395,trend_break,closed,2024-02-26T18:00:00+00:00,110.08,153.56,39.49854651162792,184
d85ad7e2888f47b79e6eead8595df555,d54c6e5c30d3bcab409169037abffd35,1,4,20,0,5f9d3bfed2f710315012268c3a7c7a1e,49dda6dd9d3673a8caacee52824db94a,sixh,6h,spot,aster,SOL,1,2024-02-27T00:00:00+00:00,2024-04-12T18:00:00+00:00,110.30016,153.25288,89.3857311108857,9863.20414742497,13693.141275359374,9.423152466758602,47.13130830014781,3829.937127934403,38.83055719711835,trend_break,closed,2024-02-26T18:00:00+00:00,110.08,153.56,39.49854651162792,184
d85ad7e2888f47b79e6eead8595df555,29320e750c3ee71b4fa8c31fcd49eec3,1,4,20,0,48e5a3c64549b886527cdfd02e9fc415,fcae37489e63d2dc4e0e42c02d5562d5,sixh,6h,futures,aster,XRP,1,2024-02-27T18:00:00+00:00,2024-03-05T18:00:00+00:00,0.5753484000000001,0.5425972962091726,26281.967219829698,15127.336303896978,14254.820142796683,11.752724856527667,58.76041627055844,-872.516161100295,-5.7678109587312125,stop,closed,2024-02-27T12:00:00+00:00,0.5742,0.5436846655402532,-5.314408648510427,29
d85ad7e2888f47b79e6eead8595df555,d54c6e5c30d3bcab409169037abffd35,1,4,20,0,585f8f2669d4e9969e8d5c48b269987f,fcae37489e63d2dc4e0e42c02d5562d5,sixh,6h,spot,aster,XRP,0,2024-02-27T18:00:00+00:00,2024-03-05T18:00:00+00:00,0.5753484000000001,0.5425972962091726,26287.56493250835,15130.558227184316,14257.856231639571,11.755228032046753,58.77293146488958,-872.7019955447449,-5.767810958731219,stop,closed,2024-02-27T12:00:00+00:00,0.5742,0.5436846655402532,-5.314408648510427,29
d85ad7e2888f47b79e6eead8595df555,29320e750c3ee71b4fa8c31fcd49eec3,1,4,20,0,e910a464dd38937f255963567634877e,1fcab43f7fa272819ee9b865765f33b0,sixh,6h,futures,aster,XRP,1,2024-03-11T18:00:00+00:00,2024-03-14T18:00:00+00:00,0.7317606,0.6526802593858151,11589.209323863037,8483.918979062953,7561.022528316403,6.417829966372418,32.08561225982801,-922.8964507465507,-10.878185577020732,stop,closed,2024-03-11T12:00:00+00:00,0.7303,0.6539882358575302,-10.449372058396522,13
d85ad7e2888f47b79e6eead8595df555,d54c6e5c30d3bcab409169037abffd35,1,4,20,0,f358bee09ad0a7a5b5d3bfe9e2a317b7,1fcab43f7fa272819ee9b865765f33b0,sixh,6h,spot,aster,XRP,0,2024-03-11T18:00:00+00:00,2024-03-14T18:00:00+00:00,0.7317606,0.6526802593858151,11591.677672728443,8485.725942005889,7562.6329264771,6.419196879582213,32.092446072420756,-923.0930155287888,-10.878185577020703,stop,closed,2024-03-11T12:00:00+00:00,0.7303,0.6539882358575302,-10.449372058396522,13
d85ad7e2888f47b79e6eead8595df555,29320e750c3ee71b4fa8c31fcd49eec3,1,4,20,0,879451c2347ae82f62df0835c3d93ea9,3b779f42795d1e78e9ab8665dcddbe95,sixh,6h,futures,aster,ADA,1,2024-03-25T18:00:00+00:00,2024-03-27T12:00:00+00:00,0.6650273999999999,0.6363247999999999,13444.242968503817,8944.3662622909,8551.483255997362,6.998278065758788,34.989986749828034,-392.8830062935376,-4.392519210107899,trend_break,closed,2024-03-25T12:00:00+00:00,0.6637,0.6376,-3.932499623323793,8
d85ad7e2888f47b79e6eead8595df555,d54c6e5c30d3bcab409169037abffd35,1,4,20,0,8a64a51cda523b0b6e80f133179279a8,3b779f42795d1e78e9ab8665dcddbe95,sixh,6h,spot,aster,ADA,1,2024-03-25T18:00:00+00:00,2024-03-27T12:00:00+00:00,0.6650273999999999,0.6363247999999999,13447.10641509022,8946.27129443747,8553.304609240937,6.999768606764708,34.99743915591381,-392.96668519653394,-4.392519210107892,trend_break,closed,2024-03-25T12:00:00+00:00,0.6637,0.6376,-3.932499623323793,8
d85ad7e2888f47b79e6eead8595df555,29320e750c3ee71b4fa8c31fcd49eec3,1,4,20,0,fd9be113dd12861b3e7efb11e5b84e23,92aebb5cd11558564007ac596a08aa0f,sixh,6h,futures,aster,XRP,1,2024-07-30T12:00:00+00:00,2024-08-01T12:00:00+00:00,0.632262,0.584332769329377,19485.55306983513,12324.902744942114,11381.49276833642,9.482408776900561,47.408497808222734,-943.4099766056934,-7.654502401593792,stop,closed,2024-07-30T06:00:00+00:00,0.631,0.5855037768831434,-7.210177989993127,9
d85ad7e2888f47b79e6eead8595df555,d54c6e5c30d3bcab409169037abffd35,1,4,20,0,28f8b6ad964957f5209bd8fc1d0efb43,92aebb5cd11558564007ac596a08aa0f,sixh,6h,spot,aster,XRP,0,2024-07-30T12:00:00+00:00,2024-08-01T12:00:00+00:00,0.632262,0.584332769329377,19489.703235861783,12327.527786811368,11383.916876312749,9.484428405012512,47.41859519351496,-943.610910498619,-7.654502401593797,stop,closed,2024-07-30T06:00:00+00:00,0.631,0.5855037768831434,-7.210177989993127,9
d85ad7e2888f47b79e6eead8595df555,29320e750c3ee71b4fa8c31fcd49eec3,1,4,20,0,73902a5e39944bb1bb07afc48c36d96b,69cb6b73f37d9e95cbc22a1b36475b9c,sixh,6h,futures,aster,XRP,1,2024-08-24T18:00:00+00:00,2024-08-26T12:00:00+00:00,0.6214404,0.5877468626411907,28044.627522690847,17435.035771370232,16476.548583666176,13.564482554381739,67.81890435670552,-958.4871877040569,-5.49747760929732,stop,closed,2024-08-24T12:00:00+00:00,0.6202,0.5889247120653214,-5.042774578309994,8
d85ad7e2888f47b79e6eead8595df555,d54c6e5c30d3bcab409169037abffd35,1,4,20,0,311fb83a5e9760ca830792c4c52e1c81,69cb6b73f37d9e95cbc22a1b36475b9c,sixh,6h,spot,aster,XRP,0,2024-08-24T18:00:00+00:00,2024-08-26T12:00:00+00:00,0.6214404,0.5877468626411907,28050.600658785974,17438.749204233674,16480.05787138941,13.567371610415437,67.83334888962781,-958.6913328442643,-5.49747760929734,stop,closed,2024-08-24T12:00:00+00:00,0.6202,0.5889247120653214,-5.042774578309994,8
d85ad7e2888f47b79e6eead8595df555,29320e750c3ee71b4fa8c31fcd49eec3,1,4,20,0,c573a4b8dffd1404d19b00b53fa30279,e383a34cce62812e2ed664a1eb6357be,sixh,6h,futures,aster,XRP,1,2024-09-21T18:00:00+00:00,2024-10-02T18:00:00+00:00,0.6040056,0.5691040462056909,26648.001119260756,16101.9801216017,15159.41906616097,12.504410866041937,62.518584177968094,-942.5610554407303,-5.853696553607294,stop,closed,2024-09-21T12:00:00+00:00,0.6028,0.5702445352762434,-5.400707485692868,45
d85ad7e2888f47b79e6eead8595df555,d54c6e5c30d3bcab409169037abffd35,1,4,20,0,c05054b3f62f6ba4ea419b6b5bf84a4a,e383a34cce62812e2ed664a1eb6357be,sixh,6h,spot,aster,XRP,0,2024-09-21T18:00:00+00:00,2024-10-02T18:00:00+00:00,0.6040056,0.5691040462056909,26653.676792336453,16105.409631178522,15162.647822653884,12.507074140775462,62.531899812539024,-942.7618085246377,-5.853696553607315,stop,closed,2024-09-21T12:00:00+00:00,0.6028,0.5702445352762434,-5.400707485692868,45
d85ad7e2888f47b79e6eead8595df555,29320e750c3ee71b4fa8c31fcd49eec3,1,4,20,0,7ed9407b2e3416cc43cada476e08d360,bb4f7d8db50e905ff8fcc51af45fdd7e,sixh,6h,futures,aster,BTC,1,2024-09-26T18:00:00+00:00,2024-10-01T12:00:00+00:00,65338.64646,62365.51788123912,0.26481421479100054,17309.523398754813,16508.669537495338,13.52715120222645,67.63287723580098,-800.8538612594748,-4.626666158336199,stop,closed,2024-09-26T12:00:00+00:00,65208.23,62490.49887899711,-4.167773179862255,20
d85ad7e2888f47b79e6eead8595df555,d54c6e5c30d3bcab409169037abffd35,1,4,20,0,66bf2834d4d93fdf9326f24c9d83bb5d,bb4f7d8db50e905ff8fcc51af45fdd7e,sixh,6h,spot,aster,BTC,1,2024-09-26T18:00:00+00:00,2024-10-01T12:00:00+00:00,65338.64646,62365.51788123912,0.26487061672907547,17313.210099136868,16512.185666558456,13.530032307174086,67.64728214739793,-801.0244325784115,-4.626666158336205,stop,closed,2024-09-26T12:00:00+00:00,65208.23,62490.49887899711,-4.167773179862255,20
d85ad7e2888f47b79e6eead8595df555,29320e750c3ee71b4fa8c31fcd49eec3,1,4,20,0,a3768822b46ea609b6b006b9f2ce3cb8,5c78978f384e9504957b62ee95af47f8,sixh,6h,futures,aster,SOL,1,2024-10-20T00:00:00+00:00,2024-12-10T12:00:00+00:00,160.05948,203.7916,94.70310496989082,15164.192987760487,19291.97740786729,13.783130809059257,68.93249604548413,4127.784420106802,27.220600683719017,trend_break,closed,2024-10-19T18:00:00+00:00,159.74,204.2,27.83272818329785,207
d85ad7e2888f47b79e6eead8595df555,d54c6e5c30d3bcab409169037abffd35,1,4,20,0,5b6e0b5b0bf7bae4624238abeed791b3,5c78978f384e9504957b62ee95af47f8,sixh,6h,spot,aster,SOL,1,2024-10-20T00:00:00+00:00,2024-12-10T12:00:00+00:00,160.05948,203.7916,94.7232754832684,15167.422761035788,19296.08634482885,13.786066434289893,68.9471777587614,4128.663583793063,27.22060068371902,trend_break,closed,2024-10-19T18:00:00+00:00,159.74,204.2,27.83272818329785,207
d85ad7e2888f47b79e6eead8595df555,29320e750c3ee71b4fa8c31fcd49eec3,1,4,20,0,f343f9af204959fbb608c176b90e9559,74f7de4c1ba29adb86040e24794a7537,sixh,6h,futures,aster,BTC,1,2024-11-06T06:00:00+00:00,2024-12-30T18:00:00+00:00,74815.37207999999,92635.67736,0.2056509469092278,15392.006452462849,19042.99452075505,13.774586751311968,68.88786835865345,3650.988068292203,23.720026882577187,trend_break,closed,2024-11-06T00:00:00+00:00,74666.04,92821.32,24.3153112177906,219
d85ad7e2888f47b79e6eead8595df555,29320e750c3ee71b4fa8c31fcd49eec3,1,4,20,0,aaed30498491deb9bd1536ebd683ea10,927639edb5cdb458133c4b7bae089510,sixh,6h,futures,aster,ETH,1,2024-11-06T06:00:00+00:00,2024-12-19T18:00:00+00:00,2602.30422,3418.41946,4.951783096949602,12891.200468136505,16920.50079163146,11.925327100011284,59.64303897481469,4029.3003234949556,31.256207158164017,trend_break,closed,2024-11-06T00:00:00+00:00,2597.11,3425.27,31.887752155280282,175
d85ad7e2888f47b79e6eead8595df555,d54c6e5c30d3bcab409169037abffd35,1,4,20,0,9991720697c48964933e56288849d8a6,74f7de4c1ba29adb86040e24794a7537,sixh,6h,spot,aster,BTC,1,2024-11-06T06:00:00+00:00,2024-12-30T18:00:00+00:00,74815.37207999999,92635.67736,0.20569474785088718,15395.284747004047,19047.050427642713,13.777520556770895,68.90254056682153,3651.765680638666,23.72002688257719,trend_break,closed,2024-11-06T00:00:00+00:00,74666.04,92821.32,24.3153112177906,219
d85ad7e2888f47b79e6eead8595df555,d54c6e5c30d3bcab409169037abffd35,1,4,20,0,ea7d21bae5ad537161b1eb4f80e66320,927639edb5cdb458133c4b7bae089510,sixh,6h,spot,aster,ETH,1,2024-11-06T06:00:00+00:00,2024-12-19T18:00:00+00:00,2602.30422,3418.41946,4.945882773085556,12875.839888670655,16900.33907762707,11.91111741216811,59.571970989949975,4024.499188956417,31.256207158164035,trend_break,closed,2024-11-06T00:00:00+00:00,2597.11,3425.27,31.887752155280282,175
d85ad7e2888f47b79e6eead8595df555,29320e750c3ee71b4fa8c31fcd49eec3,1,4,20,0,9dea937c4549205e89f0f3c1f8abefb1,07d368f7890667bb96abdf9e249b6f8d,sixh,6h,futures,aster,BNB,1,2024-11-07T06:00:00+00:00,2024-12-20T06:00:00+00:00,599.08578,623.3308400000001,25.965629839097275,15561.861861189003,16178.703787590079,12.696326985632176,63.48440701880249,616.8419264010754,3.9638054360286272,trend_break,closed,2024-11-07T00:00:00+00:00,597.89,624.58,4.464031845322736,173
d85ad7e2888f47b79e6eead8595df555,29320e750c3ee71b4fa8c31fcd49eec3,1,4,20,0,86b66989b59627359972a9d8c7fa9f9e,b8b33eee8297d4b53ee6aca4375577bb,sixh,6h,futures,aster,XRP,1,2024-11-07T06:00:00+00:00,2025-02-02T12:00:00+00:00,0.5592162,2.5734427999999996,24771.430286844818,13858.1261476197,63722.35977381577,31.0401776123828,155.40109076149227,49864.23362619607,359.81945246443627,trend_break,closed,2024-11-07T00:00:00+00:00,0.5581,2.5786,362.03189392581965,350
d85ad7e2888f47b79e6eead8595df555,d54c6e5c30d3bcab409169037abffd35,1,4,20,0,c539dfdcd29aee28c584369051a70bf7,07d368f7890667bb96abdf9e249b6f8d,sixh,6h,spot,aster,BNB,0,2024-11-07T06:00:00+00:00,2024-12-20T06:00:00+00:00,599.08578,623.3308400000001,25.970770234304933,15564.94263067656,16181.906672786054,12.698840467446258,63.496974976661505,616.9640421094937,3.963805436028621,trend_break,closed,2024-11-07T00:00:00+00:00,597.89,624.58,4.464031845322736,173
d85ad7e2888f47b79e6eead8595df555,d54c6e5c30d3bcab409169037abffd35,1,4,20,0,a39549dd9cdf894e0e53c13636831bd3,b8b33eee8297d4b53ee6aca4375577bb,sixh,6h,spot,aster,XRP,0,2024-11-07T06:00:00+00:00,2025-02-02T12:00:00+00:00,0.5592162,2.5734427999999996,24724.86611234568,13832.076291123867,63602.57746630886,30.98182974025388,155.10897506918937,49770.501175184996,359.8194524644362,trend_break,closed,2024-11-07T00:00:00+00:00,0.5581,2.5786,362.03189392581965,350
d85ad7e2888f47b79e6eead8595df555,29320e750c3ee71b4fa8c31fcd49eec3,1,4,20,0,23a5317e35a1e4277f298d93df9f788a,5c19c72339577b2c5653434c80a62555,sixh,6h,futures,aster,ADA,1,2024-11-07T18:00:00+00:00,2024-12-19T18:00:00+00:00,0.3909804,0.8839286000000001,28876.391648969056,11294.61919873357,25514.45857594758,14.725908640318195,73.68677620983924,14219.839377214012,125.8992368579229,trend_break,closed,2024-11-07T12:00:00+00:00,0.3902,0.8857,126.98616094310613,169
d85ad7e2888f47b79e6eead8595df555,d54c6e5c30d3bcab409169037abffd35,1,4,20,0,f4a96e3bbd85051ab76f3767c9bfb69d,5c19c72339577b2c5653434c80a62555,sixh,6h,spot,aster,ADA,1,2024-11-07T18:00:00+00:00,2024-12-19T18:00:00+00:00,0.3909804,0.8839286000000001,28881.968483464203,11296.800503888408,25519.386127645903,14.728752622913946,73.70100717610396,14222.585623757495,125.8992368579229,trend_break,closed,2024-11-07T12:00:00+00:00,0.3902,0.8857,126.98616094310613,169
d85ad7e2888f47b79e6eead8595df555,29320e750c3ee71b4fa8c31fcd49eec3,1,4,20,0,ef45eb950f4fb28a43c2f2e3cf34533d,c1a228df03cdc5cc1baaa099d8be5f58,sixh,6h,futures,aster,BTC,1,2025-01-16T00:00:00+00:00,2025-02-02T12:00:00+00:00,100627.67364000001,97116.16841999999,0.33156616514412457,33378.077748931784,32187.555362295727,26.22606695707986,131.126202104929,-1190.5223866360575,-3.566779356172356,trend_break,closed,2025-01-15T18:00:00+00:00,100426.82,97310.79,-3.102786685867398,71
d85ad7e2888f47b79e6eead8595df555,d54c6e5c30d3bcab409169037abffd35,1,4,20,0,f36e5666a11304f544437aaf14456492,c1a228df03cdc5cc1baaa099d8be5f58,sixh,6h,spot,aster,BTC,1,2025-01-16T00:00:00+00:00,2025-02-02T12:00:00+00:00,100627.67364000001,97116.16841999999,0.33137783421883615,33359.11886552439,32169.272700427864,26.211170444781757,131.05172189081776,-1189.8461650965255,-3.566779356172367,trend_break,closed,2025-01-15T18:00:00+00:00,100426.82,97310.79,-3.102786685867398,71
d85ad7e2888f47b79e6eead8595df555,29320e750c3ee71b4fa8c31fcd49eec3,1,4,20,0,5831dc1913a35f53ee0e9ad4643aceab,43393096e231d7595f4a007eefe2fd1a,sixh,6h,futures,aster,ADA,1,2025-05-09T00:00:00+00:00,2025-05-29T18:00:00+00:00,0.7699368,0.7192586,24163.300137673737,18611.655671034252,17372.709563831657,14.393550165537238,71.96314047001994,-1238.9461072025952,-6.656829081202032,trend_break,closed,2025-05-08T18:00:00+00:00,0.7684,0.7207,-6.207704320666318,84
d85ad7e2888f47b79e6eead8595df555,29320e750c3ee71b4fa8c31fcd49eec3,1,4,20,0,6bdadd51569ff1b2170de90122424ac7,3811d419fff71d801ed8e508f715878d,sixh,6h,futures,aster,BNB,1,2025-05-09T00:00:00+00:00,2025-05-12T18:00:00+00:00,630.0576,605.7184956424372,50.94847331104972,32113.313007151246,30848.088436204198,25.184362170908777,125.91735436312621,-1265.224570947048,-3.939875560846985,stop,closed,2025-05-08T18:00:00+00:00,628.8,606.9323603631635,-3.477678059293321,16
d85ad7e2888f47b79e6eead8595df555,d54c6e5c30d3bcab409169037abffd35,1,4,20,0,5aa9c23621eb0eb8d8ae5defe7179923,43393096e231d7595f4a007eefe2fd1a,sixh,6h,spot,aster,ADA,1,2025-05-09T00:00:00+00:00,2025-05-29T18:00:00+00:00,0.7699368,0.7192586,24151.980561906774,18602.9368269477,17364.571118293807,14.386807341472394,71.92942850947075,-1238.3657086538951,-6.656829081202022,trend_break,closed,2025-05-08T18:00:00+00:00,0.7684,0.7207,-6.207704320666318,84
d85ad7e2888f47b79e6eead8595df555,d54c6e5c30d3bcab409169037abffd35,1,4,20,0,f1221fcc47bbec22ec554fdc2f328ecd,3811d419fff71d801ed8e508f715878d,sixh,6h,spot,aster,BNB,0,2025-05-09T00:00:00+00:00,2025-05-12T18:00:00+00:00,630.0576,605.7184956424372,50.85066333640776,32051.662438905125,30788.86682362953,25.136013679477607,125.6756204614635,-1262.7956152755942,-3.93987556084698,stop,closed,2025-05-08T18:00:00+00:00,628.8,606.9323603631635,-3.477678059293321,16
d85ad7e2888f47b79e6eead8595df555,29320e750c3ee71b4fa8c31fcd49eec3,1,4,20,0,c66f8d8af1a75ce1815b50c7dbb06c49,468cf61776d6bac5cd55424dc58d7609,sixh,6h,futures,aster,BNB,1,2025-05-21T06:00:00+00:00,2025-06-05T18:00:00+00:00,662.56248,628.0183296166059,47.95586235190455,31786.46459245268,30105.113705339147,24.7563662639934,123.77570004468376,-1681.3508871135346,-5.289518380451632,stop,closed,2025-05-21T00:00:00+00:00,661.24,629.2768833833727,-4.8338147445144415,63
d85ad7e2888f47b79e6eead8595df555,d54c6e5c30d3bcab409169037abffd35,1,4,20,0,c0266aedbbbce9fa94da79266e7965bf,468cf61776d6bac5cd55424dc58d7609,sixh,6h,spot,aster,BNB,0,2025-05-21T06:00:00+00:00,2025-06-05T18:00:00+00:00,662.56248,628.0183296166059,47.93395116315764,31771.941253884157,30091.35858143366,24.745055000108337,123.71914652665798,-1680.5826724504986,-5.289518380451637,stop,closed,2025-05-21T00:00:00+00:00,661.24,629.2768833833727,-4.8338147445144415,63
d85ad7e2888f47b79e6eead8595df555,29320e750c3ee71b4fa8c31fcd49eec3,1,4,20,0,1aefa0e5a4e34355486d4e2cf80f4cd7,c000e94a1f1fcb1dc8e41ebc2880d5a9,sixh,6h,futures,aster,SOL,1,2025-08-13T00:00:00+00:00,2025-08-19T12:00:00+00:00,192.22368,176.71869011022426,105.64305411240692,20315.219466577164,18661.634501131295,15.590479507965632,77.94615734651379,-1653.5849654458689,-8.139636237582204,stop,closed,2025-08-12T18:00:00+00:00,191.84,177.07283578178783,-7.69764606870943,27
d85ad7e2888f47b79e6eead8595df555,d54c6e5c30d3bcab409169037abffd35,1,4,20,0,8a768e763fedb96bf6242ebbeeffc444,c000e94a1f1fcb1dc8e41ebc2880d5a9,sixh,6h,spot,aster,SOL,1,2025-08-13T00:00:00+00:00,2025-08-19T12:00:00+00:00,192.22368,176.71869011022426,105.59479225945023,20305.938684769815,18653.109141203073,15.583357170999331,77.91054851244513,-1652.8295435667424,-8.139636237582181,stop,closed,2025-08-12T18:00:00+00:00,191.84,177.07283578178783,-7.69764606870943,27
d85ad7e2888f47b79e6eead8595df555,29320e750c3ee71b4fa8c31fcd49eec3,1,4,20,0,0ef9f390cf28ab1f2e6abbaf39646de6,df3246c1321d29389885b821c19f72db,sixh,6h,futures,aster,ADA,1,2025-08-14T06:00:00+00:00,2025-08-14T12:00:00+00:00,0.9963888,0.8879378618114081,15014.123800785483,14965.888758834852,13326.276341047378,11.316605512622928,56.57674068682829,-1639.6124177874735,-10.95566353731954,stop,closed,2025-08-14T00:00:00+00:00,0.9944,0.8897172964042165,-10.52722280729922,2
d85ad7e2888f47b79e6eead8595df555,d54c6e5c30d3bcab409169037abffd35,1,4,20,0,fce4f239b71907d1d1b40a7bf97f706e,df3246c1321d29389885b821c19f72db,sixh,6h,spot,aster,ADA,1,2025-08-14T06:00:00+00:00,2025-08-14T12:00:00+00:00,0.9963888,0.8879378618114081,15007.264765506401,14959.051759197599,13320.188380086429,11.311435647402657,56.55089423281636,-1638.8633791111697,-10.955663537319547,stop,closed,2025-08-14T00:00:00+00:00,0.9944,0.8897172964042165,-10.52722280729922,2
d85ad7e2888f47b79e6eead8595df555,29320e750c3ee71b4fa8c31fcd49eec3,1,4,20,0,f1a4950780fc57b0b3adb31326ab7744,a9ce457ab8c5d3bbd026c05944d7d4a0,sixh,6h,futures,aster,SOL,1,2025-08-22T18:00:00+00:00,2025-09-24T00:00:00+00:00,197.394,209.14088,82.52252585554788,16295.967249317511,17251.930143781137,13.419314058392825,67.10071622366308,955.9628944636261,5.866254391887432,trend_break,closed,2025-08-22T12:00:00+00:00,197,209.56,6.375634517766504,130
d85ad7e2888f47b79e6eead8595df555,d54c6e5c30d3bcab409169037abffd35,1,4,20,0,6e57b59acb1b27a830c5dca3277103b9,a9ce457ab8c5d3bbd026c05944d7d4a0,sixh,6h,spot,aster,SOL,1,2025-08-22T18:00:00+00:00,2025-09-24T00:00:00+00:00,197.394,209.14088,82.48482635848285,16288.522618132047,17244.048791591795,13.413183594186666,67.07006200860957,955.526173459748,5.866254391887426,trend_break,closed,2025-08-22T12:00:00+00:00,197,209.56,6.375634517766504,130
d85ad7e2888f47b79e6eead8595df555,29320e750c3ee71b4fa8c31fcd49eec3,1,4,20,0,74c5d372e235f83df900bf2933d7c0c1,b616ca6592d972b8f312abf71461677a,sixh,6h,futures,aster,ETH,1,2025-10-06T18:00:00+00:00,2025-10-07T12:00:00+00:00,4706.25372,4451.562507629785,6.5011643281976745,30608.367255433168,28928.763243593206,23.81458727330262,119.06678947597273,-1679.6040118399615,-5.487401525940008,stop,closed,2025-10-06T12:00:00+00:00,4696.86,4460.483474578942,-5.0326500134357355,4
d85ad7e2888f47b79e6eead8595df555,d54c6e5c30d3bcab409169037abffd35,1,4,20,0,cfa3a5b82a64a8c1952bf7768ec38208,b616ca6592d972b8f312abf71461677a,sixh,6h,spot,aster,ETH,1,2025-10-06T18:00:00+00:00,2025-10-07T12:00:00+00:00,4706.25372,4451.562507629785,6.498194343663522,30594.384163670667,28915.547460221453,23.803707844277554,119.0123951389859,-1678.8367034492148,-5.487401525940016,stop,closed,2025-10-06T12:00:00+00:00,4696.86,4460.483474578942,-5.0326500134357355,4
d85ad7e2888f47b79e6eead8595df555,29320e750c3ee71b4fa8c31fcd49eec3,1,4,20,0,a78c79be709f2e23cce15b58e2cf9bf3,db99e531f8f8c3b462d3af2c2312a11a,sixh,6h,futures,aster,SOL,1,2026-01-12T06:00:00+00:00,2026-01-18T18:00:00+00:00,143.12568000000002,137.53438,181.16193317071816,25939.296445123662,24906.027760572862,20.3379676133639,101.68619308872411,-1033.2686845507997,-3.9834106015047457,trend_break,closed,2026-01-12T00:00:00+00:00,142.84,137.81,-3.521422570708488,27
d85ad7e2888f47b79e6eead8595df555,d54c6e5c30d3bcab409169037abffd35,1,4,20,0,a30a3b7dd6dae03789a2d06a11e9ce95,db99e531f8f8c3b462d3af2c2312a11a,sixh,6h,spot,aster,SOL,1,2026-01-12T06:00:00+00:00,2026-01-18T18:00:00+00:00,143.12568000000002,137.53438,181.07917135875155,25927.446366371667,24894.649719114153,20.328676439318997,101.63973888366725,-1032.7966472575135,-3.983410601504775,trend_break,closed,2026-01-12T00:00:00+00:00,142.84,137.81,-3.521422570708488,27
d85ad7e2888f47b79e6eead8595df555,29320e750c3ee71b4fa8c31fcd49eec3,1,4,20,0,f830d299d3d6faf0d081bed33d2158b0,8a5362741f5af5e2714ee21702dfb6e7,sixh,6h,futures,aster,BTC,1,2026-01-13T18:00:00+00:00,2026-01-20T00:00:00+00:00,93424.81668,91447.76794,0.32688965277075377,30551.821727050403,29881.371776923646,24.17317399730544,120.86376833449602,-670.4499501267564,-2.194467996430943,trend_break,closed,2026-01-13T12:00:00+00:00,93238.34,91631.03,-1.7238723898344799,26
d85ad7e2888f47b79e6eead8595df555,29320e750c3ee71b4fa8c31fcd49eec3,1,4,20,0,cc1ce94a0c5aca70ef05cb2c999b6595,d536f661e0315b51d2912c44f2d38aeb,sixh,6h,futures,aster,ETH,1,2026-01-13T18:00:00+00:00,2026-01-20T06:00:00+00:00,3190.0173,3104.9277,9.573492245542534,30551.82172705041,29713.111258416648,24.105842857446703,120.52643797448229,-838.7104686337625,-2.7452060833779117,trend_break,closed,2026-01-13T12:00:00+00:00,3183.65,3111.15,-2.2772603772399647,27
d85ad7e2888f47b79e6eead8595df555,d54c6e5c30d3bcab409169037abffd35,1,4,20,0,244e3fff9ab83b74435e9f0b7bf813b9,8a5362741f5af5e2714ee21702dfb6e7,sixh,6h,spot,aster,BTC,1,2026-01-13T18:00:00+00:00,2026-01-20T00:00:00+00:00,93424.81668,91447.76794,0.3267403168727373,30537.864467482916,29867.72080495054,24.1621307519283,120.80855306772662,-670.1436625323768,-2.194467996430968,trend_break,closed,2026-01-13T12:00:00+00:00,93238.34,91631.03,-1.7238723898344799,26
d85ad7e2888f47b79e6eead8595df555,d54c6e5c30d3bcab409169037abffd35,1,4,20,0,afb46642e74e35b5849066d067f03dfc,d536f661e0315b51d2912c44f2d38aeb,sixh,6h,spot,aster,ETH,1,2026-01-13T18:00:00+00:00,2026-01-20T06:00:00+00:00,3190.0173,3104.9277,9.60860333242097,30663.871503604245,29822.08503768812,24.19425180176269,120.96847251384705,-841.7864659161241,-2.745206083377894,trend_break,closed,2026-01-13T12:00:00+00:00,3183.65,3111.15,-2.2772603772399647,27
d85ad7e2888f47b79e6eead8595df555,29320e750c3ee71b4fa8c31fcd49eec3,1,4,20,0,1112d3adfe27814121f02dfd3ec80098,07e6791dd4c4fc1fee464acfdfcd7db4,sixh,6h,futures,aster,BNB,1,2026-01-14T00:00:00+00:00,2026-01-20T12:00:00+00:00,947.03028,904.7297893303008,32.59137670883455,30877.366618397125,29474.59482801485,24.14056399756857,120.69778825409031,-1402.771790382274,-4.543042182705066,stop,closed,2026-01-13T18:00:00+00:00,945.14,906.5428750804617,-4.0837468438049696,27
d85ad7e2888f47b79e6eead8595df555,29320e750c3ee71b4fa8c31fcd49eec3,1,4,20,0,4b7143e5a5ae341e58d6bce764483813,636a3762a08812834a41fe8242fdd531,sixh,6h,futures,aster,XRP,1,2026-01-14T00:00:00+00:00,2026-01-16T00:00:00+00:00,2.1707327999999997,2.067856,10818.952178230835,23494.448376659082,22363.086361397513,18.34283581215393,91.71009382442713,-1131.3620152615695,-4.815444045009111,trend_break,closed,2026-01-13T18:00:00+00:00,2.1664,2.072,-4.357459379615946,9
d85ad7e2888f47b79e6eead8595df555,d54c6e5c30d3bcab409169037abffd35,1,4,20,0,2e2159b5198a60542bd492a577b391fb,07e6791dd4c4fc1fee464acfdfcd7db4,sixh,6h,spot,aster,BNB,0,2026-01-14T00:00:00+00:00,2026-01-20T12:00:00+00:00,947.03028,904.7297893303008,32.57761080249449,30864.32467356939,29462.145384242085,24.130367535297104,120.64680806803062,-1402.179289327305,-4.543042182705066,stop,closed,2026-01-13T18:00:00+00:00,945.14,906.5428750804617,-4.0837468438049696,27
d85ad7e2888f47b79e6eead8595df555,d54c6e5c30d3bcab409169037abffd35,1,4,20,0,387843adf29207f4a672d5a36e0fb113,636a3762a08812834a41fe8242fdd531,sixh,6h,spot,aster,XRP,0,2026-01-14T00:00:00+00:00,2026-01-16T00:00:00+00:00,2.1707327999999997,2.067856,10793.944085104782,23440.1407742897,22311.39391123241,18.30043620278055,91.49810522061622,-1128.7468630572876,-4.8154440450091185,trend_break,closed,2026-01-13T18:00:00+00:00,2.1664,2.072,-4.357459379615946,9
d85ad7e2888f47b79e6eead8595df555,29320e750c3ee71b4fa8c31fcd49eec3,1,4,20,0,d99cebf42ebebadcf526a9953bdeba17,adffb8451359596f2ebc481d92959c1b,sixh,6h,futures,aster,XRP,1,2026-05-10T18:00:00+00:00,2026-05-10T18:00:00+00:00,1.5066072000000001,1.437112402128153,19543.706032374215,29456.46609834765,28075.26772174271,23.012476218292086,115.05740857749319,-1381.198376604938,-4.68894799530082,stop,closed,2026-05-10T12:00:00+00:00,1.5036,1.4399923869019569,-4.230354688616867,1
d85ad7e2888f47b79e6eead8595df555,d54c6e5c30d3bcab409169037abffd35,1,4,20,0,8bef503c99e5cdc462d341f3c63b74ab,adffb8451359596f2ebc481d92959c1b,sixh,6h,spot,aster,XRP,0,2026-05-10T18:00:00+00:00,2026-05-10T18:00:00+00:00,1.5066072000000001,1.437112402128153,19534.590639836148,29442.727288992563,28062.173118013456,23.001742954413924,115.00374457733582,-1380.5541709791069,-4.688947995300829,stop,closed,2026-05-10T12:00:00+00:00,1.5036,1.4399923869019569,-4.230354688616867,1
